,Cy3 Pixel Values (Arb.U.),FITC Pixel Values (Arb.U.)
0,807,767
1,870,686
2,902,708
3,898,792
4,927,786
5,904,765
6,886,740
7,886,752
8,863,750
9,817,780
10,856,707
11,790,776
12,853,728
13,900,764
14,940,805
15,904,798
16,974,793
17,926,835
18,956,816
19,877,757
20,954,791
21,929,759
22,805,744
23,867,747
24,827,738
25,856,772
26,908,736
27,875,795
28,901,814
29,994,799
30,992,860
31,954,889
32,950,857
33,963,841
34,889,873
35,877,749
36,957,806
37,843,837
38,872,797
39,815,753
40,862,750
41,845,749
42,856,747
43,837,802
44,902,768
45,917,800
46,1008,838
47,1009,920
48,996,894
49,904,898
50,987,867
51,992,860
52,1021,837
53,927,830
54,994,808
55,913,791
56,925,818
57,907,777
58,884,757
59,828,750
60,937,764
61,898,744
62,871,800
63,969,813
64,982,780
65,1022,761
66,1026,882
67,1065,826
68,1038,823
69,1042,908
70,1032,926
71,1013,855
72,1058,961
73,1042,873
74,943,947
75,909,906
76,973,795
77,838,767
78,932,798
79,833,779
80,847,782
81,876,705
82,949,736
83,945,789
84,1002,861
85,1042,880
86,1094,856
87,1105,894
88,958,906
89,999,953
90,1104,959
91,1070,839
92,1128,872
93,1062,888
94,1008,910
95,960,901
96,967,813
97,922,852
98,908,793
99,935,802
100,908,826
101,842,774
102,869,784
103,839,752
104,905,774
105,983,848
106,963,920
107,1050,917
108,1217,914
109,1165,909
110,1079,939
111,1136,889
112,1108,941
113,1163,917
114,1164,962
115,1057,917
116,1107,878
117,997,872
118,984,844
119,978,810
120,907,867
121,876,816
122,876,753
123,852,730
124,894,768
125,938,764
126,944,818
127,988,875
128,1042,880
129,1109,906
130,1059,926
131,1140,935
132,1312,985
133,1165,928
134,1125,954
135,1076,995
136,1208,1004
137,1095,988
138,1166,921
139,1033,937
140,995,852
141,991,867
142,952,848
143,886,781
144,858,751
145,916,752
146,912,800
147,895,809
148,1032,881
149,1014,812
150,1115,891
151,1098,919
152,1192,999
153,1180,1007
154,1161,967
155,1100,929
156,1168,1053
157,1190,985
158,1216,1004
159,1045,975
160,1059,1002
161,1023,960
162,999,834
163,923,919
164,894,845
165,917,800
166,953,765
167,765,782
168,916,768
169,946,808
170,919,784
171,1009,805
172,978,949
173,1122,912
174,1169,981
175,1104,916
176,1117,1078
177,1191,1028
178,1124,981
179,1190,1096
180,1101,1100
181,1177,950
182,1105,973
183,1116,901
184,1116,940
185,1091,888
186,991,921
187,1020,846
188,963,828
189,880,801
190,876,685
191,895,691
192,938,790
193,905,807
194,910,840
195,1119,872
196,1045,871
197,1165,901
198,1186,998
199,1209,1060
200,1237,982
201,1162,1046
202,1179,1002
203,1238,1061
204,1227,977
205,1245,1003
206,1189,1020
207,1107,1032
208,1183,991
209,1041,1015
210,980,818
211,998,820
212,936,805
213,876,786
214,887,736
215,904,738
216,984,758
217,860,670
218,1022,821
219,1047,864
220,1005,856
221,1212,913
222,1138,979
223,1177,996
224,1126,1026
225,1295,1031
226,1168,985
227,1255,1095
228,1175,1029
229,1229,1096
230,1205,999
231,1190,1023
232,1110,970
233,1038,916
234,975,893
235,973,860
236,912,814
237,893,777
238,858,802
239,896,821
240,923,754
241,979,790
242,984,815
243,972,812
244,1064,924
245,1129,893
246,1134,941
247,1161,936
248,1218,1014
249,1198,998
250,1153,1018
251,1203,1014
252,1242,993
253,1113,966
254,1196,1033
255,1131,966
256,1095,974
257,1051,878
258,975,846
259,906,871
260,959,871
261,853,775
262,857,706
263,856,774
264,959,762
265,992,873
266,956,877
267,1052,933
268,1114,889
269,1052,929
270,1179,983
271,1174,911
272,1210,1024
273,1239,995
274,1212,1030
275,1146,1041
276,1263,1020
277,1182,1055
278,1248,968
279,1138,926
280,1153,890
281,1039,818
282,911,928
283,908,840
284,828,771
285,881,805
286,899,840
287,906,836
288,978,855
289,1120,831
290,1047,894
291,1177,905
292,1202,1056
293,1197,1002
294,1149,1022
295,1097,993
296,1290,970
297,1210,1025
298,1132,975
299,1124,983
300,1049,1039
301,1107,938
302,1039,899
303,955,857
304,923,829
305,886,768
306,941,779
307,822,710
308,864,765
309,932,822
310,990,821
311,970,765
312,1055,813
313,1076,953
314,1129,911
315,1187,916
316,1140,872
317,1123,908
318,1110,967
319,1059,990
320,1108,936
321,1092,1003
322,1072,950
323,1048,971
324,888,935
325,921,807
326,885,837
327,844,769
328,816,728
329,964,742
330,918,818
331,882,825
332,992,823
333,1000,838
334,1024,889
335,1087,925
336,1132,922
337,1059,966
338,1127,953
339,1127,918
340,1100,922
341,1127,932
342,1037,890
343,1114,858
344,957,863
345,961,863
346,977,804
347,946,761
348,838,802
349,880,808
350,878,762
351,909,799
352,959,803
353,977,829
354,993,841
355,971,856
356,1029,855
357,1038,897
358,1069,954
359,1086,853
360,1081,914
361,1035,914
362,1002,986
363,988,861
364,1105,819
365,995,884
366,865,835
367,840,748
368,792,793
369,788,789
370,958,792
371,924,809
372,920,862
373,984,857
374,924,877
375,948,841
376,1012,867
377,1088,869
378,975,877
379,1018,880
380,957,904
381,980,922
382,1035,907
383,904,865
384,916,905
385,885,846
386,853,759
387,841,741
388,875,747
389,913,802
390,919,786
391,909,804
392,905,784
393,941,828
394,933,825
395,995,891
396,933,816
397,887,901
398,1016,833
399,1001,809
400,977,855
401,918,836
402,863,753
403,899,807
404,814,730
405,831,768
406,885,761
407,905,723
408,910,821
409,903,807
410,876,779
411,954,885
412,987,820
413,934,786
414,893,789
415,900,819
416,843,727
417,874,828
418,857,781
419,792,759
420,763,734
421,946,760
422,886,841
423,925,861
424,809,798
425,823,776
426,927,792
427,872,887
428,899,790
429,865,789
430,830,768
431,843,709
432,867,779
433,854,756
434,936,752
435,801,769
436,903,770
437,788,678
438,845,756
439,787,751
440,840,718
441,803,760
442,859,770
443,885,744
444,827,767
445,807,725
446,872,690
447,811,714
448,820,730
449,819,774
450,827,746
451,904,707
452,924,780
453,840,783
454,920,786
455,894,830
456,958,783
457,901,774
458,928,784
459,877,712
460,888,764
461,828,755
462,807,696
463,773,623
464,900,728
465,848,706
466,919,757
467,935,762
468,983,770
469,935,798
470,998,843
471,990,802
472,912,736
473,969,819
474,950,808
475,943,832
476,968,768
477,855,825
478,859,750
479,766,726
480,831,782
481,881,674
482,856,722
483,956,786
484,879,753
485,933,772
486,1019,795
487,929,854
488,944,834
489,1062,856
490,944,802
491,1054,802
492,1049,852
493,978,813
494,944,878
495,981,767
496,960,822
497,917,830
498,880,803
499,950,729
500,782,750
501,866,756
502,795,764
503,829,740
504,870,767
505,947,762
506,947,852
507,1012,813
508,1085,836
509,1039,896
510,1089,925
511,1056,866
512,1027,938
513,1027,925
514,1120,887
515,988,876
516,1048,870
517,980,827
518,966,822
519,910,794
520,805,707
521,801,818
522,874,775
523,879,750
524,1011,722
525,983,801
526,984,852
527,1031,845
528,1063,910
529,1050,912
530,1001,965
531,1055,959
532,1106,882
533,1100,846
534,1113,965
535,1084,908
536,1079,858
537,1057,891
538,1066,868
539,955,854
540,906,795
541,919,784
542,812,804
543,840,727
544,827,680
545,830,729
546,966,811
547,935,826
548,931,803
549,991,859
550,1045,850
551,1008,967
552,1091,939
553,1121,907
554,1127,941
555,1094,967
556,1102,963
557,1090,986
558,1137,944
559,1015,940
560,1098,949
561,1043,839
562,1088,893
563,1010,826
564,950,805
565,895,719
566,827,791
567,869,730
568,911,755
569,989,776
570,1054,865
571,1046,845
572,929,853
573,1009,914
574,1037,913
575,1091,973
576,1178,927
577,1165,1034
578,1089,959
579,1218,909
580,1141,876
581,1169,962
582,1084,955
583,1076,907
584,1037,920
585,1008,918
586,1028,812
587,921,812
588,902,868
589,857,782
590,798,717
591,881,751
592,872,759
593,1000,779
594,1000,868
595,985,848
596,1070,943
597,1109,973
598,1179,917
599,1059,944
600,1126,934
601,1089,996
602,1152,927
603,1142,998
604,1134,973
605,1082,1047
606,1130,922
607,1131,907
608,983,980
609,1034,934
610,1026,836
611,989,927
612,964,770
613,879,783
614,822,736
615,857,708
616,951,772
617,1035,801
618,1083,812
619,1024,838
620,1103,883
621,1026,890
622,1087,899
623,1096,977
624,1202,988
625,1147,954
626,1153,952
627,1137,1035
628,1138,1029
629,1104,990
630,1094,1002
631,1078,940
632,1099,978
633,1097,968
634,1106,913
635,1023,860
636,1048,935
637,936,854
638,924,803
639,847,779
640,870,756
641,845,743
642,918,742
643,927,779
644,996,848
645,1113,874
646,1130,888
647,1114,847
648,1048,963
649,1070,957
650,1015,924
651,1140,1025
652,1139,985
653,1146,1047
654,1210,1014
655,1085,947
656,1122,983
657,1163,976
658,1083,981
659,1192,922
660,1074,983
661,1033,860
662,1039,817
663,973,916
664,934,740
665,847,794
666,791,754
667,788,730
668,925,780
669,1020,786
670,1028,800
671,988,814
672,1022,845
673,1032,956
674,1097,937
675,1149,921
676,1189,987
677,1169,1035
678,1265,963
679,1178,951
680,1092,1085
681,995,999
682,1135,1053
683,1168,992
684,1167,990
685,1158,984
686,1105,937
687,1022,951
688,1091,958
689,1046,841
690,949,840
691,910,739
692,855,785
693,897,736
694,923,759
695,992,810
696,1021,890
697,1025,945
698,1110,927
699,1040,939
700,1141,988
701,1127,960
702,1120,941
703,1124,1051
704,1151,961
705,1039,962
706,1153,976
707,1085,939
708,1122,1058
709,1044,975
710,1142,1040
711,1170,959
712,1086,910
713,1038,974
714,1008,933
715,1068,862
716,968,806
717,926,823
718,883,777
719,875,679
720,903,794
721,964,760
722,985,794
723,1070,902
724,1082,957
725,1048,1017
726,1091,950
727,1109,1030
728,1177,1065
729,1223,988
730,1123,995
731,1160,997
732,1182,968
733,1197,1055
734,1132,940
735,1084,1008
736,1148,1032
737,1145,932
738,1168,944
739,1035,920
740,1034,927
741,1008,894
742,980,792
743,902,816
744,801,766
745,841,742
746,876,779
747,1017,786
748,1098,831
749,1041,934
750,1055,928
751,1089,967
752,1140,1016
753,1189,956
754,1107,929
755,1157,953
756,1143,1013
757,1187,943
758,1135,1077
759,1175,1042
760,1119,994
761,1094,1005
762,1167,1018
763,1131,988
764,1110,945
765,1121,860
766,988,894
767,1002,889
768,947,810
769,865,788
770,836,790
771,871,711
772,917,725
773,930,825
774,976,864
775,1048,815
776,1093,924
777,1052,1058
778,1122,963
779,1113,984
780,1171,1005
781,1197,1034
782,1092,1002
783,1031,969
784,1169,966
785,1162,1001
786,1217,1005
787,1167,966
788,1123,974
789,1092,938
790,1181,863
791,999,920
792,992,898
793,933,783
794,890,798
795,926,789
796,804,727
797,886,690
798,894,772
799,949,809
800,1049,800
801,1020,831
802,1057,872
803,1037,891
804,1124,926
805,1024,940
806,1140,1026
807,1193,991
808,1154,937
809,1177,1016
810,1193,981
811,1096,1029
812,1083,988
813,1072,954
814,1136,909
815,1147,960
816,1086,939
817,1078,872
818,1007,926
819,959,803
820,918,729
821,865,760
822,896,759
823,868,748
824,899,844
825,1005,863
826,1046,893
827,1037,861
828,1071,939
829,1033,938
830,1131,928
831,1149,956
832,1079,980
833,1157,937
834,1120,1014
835,1168,926
836,1062,945
837,1139,915
838,1156,1022
839,1074,890
840,1134,963
841,1083,921
842,989,845
843,927,845
844,838,805
845,860,815
846,860,791
847,790,807
848,922,763
849,939,850
850,1023,889
851,1021,878
852,994,913
853,1100,884
854,1101,992
855,1197,974
856,1112,902
857,1178,971
858,1149,969
859,1025,998
860,1230,943
861,1107,940
862,1146,961
863,1014,931
864,1062,905
865,1009,847
866,1001,869
867,902,873
868,892,769
869,794,751
870,786,713
871,843,767
872,885,818
873,937,847
874,901,846
875,1029,882
876,1040,938
877,1062,895
878,1076,942
879,1064,984
880,1169,967
881,1053,948
882,1064,933
883,1080,918
884,1157,966
885,1098,963
886,1046,929
887,1031,802
888,1019,875
889,975,841
890,880,830
891,902,796
892,849,787
893,829,750
894,888,712
895,889,791
896,979,766
897,967,873
898,1066,869
899,990,895
900,1011,941
901,1076,931
902,1110,940
903,1065,946
904,1082,930
905,1048,884
906,1100,908
907,1022,888
908,1057,877
909,989,973
910,965,852
911,844,825
912,896,837
913,860,729
914,785,745
915,797,733
916,805,754
917,880,788
918,857,769
919,959,740
920,954,795
921,917,866
922,941,885
923,1017,863
924,987,941
925,973,870
926,1052,884
927,968,869
928,1000,936
929,1056,926
930,1020,892
931,927,821
932,911,812
933,929,848
934,857,791
935,782,716
936,804,757
937,817,746
938,853,753
939,935,749
940,906,833
941,995,818
942,977,826
943,1047,868
944,938,817
945,1018,809
946,1057,870
947,893,853
948,992,863
949,936,896
950,976,848
951,948,869
952,829,821
953,823,824
954,845,766
955,816,749
956,824,726
957,864,758
958,906,801
959,924,787
960,916,765
961,882,718
962,967,859
963,943,771
964,868,842
965,837,847
966,895,813
967,913,760
968,886,791
969,920,769
970,858,809
971,757,695
972,805,719
973,777,739
974,860,767
975,872,724
976,870,814
977,841,822
978,901,779
979,830,778
980,858,843
981,868,789
982,848,757
983,862,791
984,790,689
985,792,691
986,851,774
987,841,727
988,808,727
989,840,783
990,868,762
991,813,786
992,1163,1030
993,1241,1080
994,1158,989
995,1272,1038
996,1290,1096
997,1295,979
998,1281,996
999,1196,987
1000,1207,984
1001,1327,1126
1002,1263,1037
1003,1336,1056
1004,1186,1130
1005,1231,1014
1006,1207,1068
1007,1283,1132
1008,1244,1027
1009,1206,1114
1010,1294,1023
1011,1209,1071
1012,1276,1074
1013,1261,1110
1014,1209,1064
1015,1247,1019
1016,1241,1089
1017,1169,1075
1018,1178,990
1019,1276,1057
1020,1309,1003
1021,1248,1030
1022,1276,1108
1023,1328,1048
1024,1235,1115
1025,1297,1124
1026,1299,1120
1027,1252,1096
1028,1327,1063
1029,1260,1076
1030,1322,1089
1031,1300,1062
1032,1314,1122
1033,1208,1013
1034,1224,1070
1035,1246,1029
1036,1162,1061
1037,1177,1003
1038,1249,1000
1039,1147,1020
1040,1203,1090
1041,1224,1061
1042,1246,1055
1043,1392,1126
1044,1324,1085
1045,1286,1142
1046,1302,1112
1047,1210,1110
1048,1289,1077
1049,1326,1130
1050,1284,1139
1051,1343,1123
1052,1311,1111
1053,1380,1122
1054,1299,1161
1055,1236,1147
1056,1285,1068
1057,1336,1071
1058,1286,1089
1059,1201,1007
1060,1253,1078
1061,1149,1063
1062,1295,1046
1063,1245,1078
1064,1136,1017
1065,1202,1107
1066,1168,1008
1067,1163,1000
1068,1222,1070
1069,1255,1072
1070,1285,1023
1071,1288,1143
1072,1338,1123
1073,1270,1130
1074,1336,1152
1075,1310,1136
1076,1305,1098
1077,1275,1166
1078,1287,1183
1079,1275,1137
1080,1335,1163
1081,1358,1038
1082,1310,1048
1083,1406,1216
1084,1335,1165
1085,1288,1132
1086,1318,1079
1087,1309,1104
1088,1221,1095
1089,1253,1125
1090,1286,1148
1091,1296,1119
1092,1251,1078
1093,1162,1092
1094,1252,1070
1095,1176,1007
1096,1118,1056
1097,1124,1015
1098,1190,1009
1099,1130,1085
1100,1275,976
1101,1325,1062
1102,1244,1130
1103,1359,1090
1104,1281,1154
1105,1382,1198
1106,1321,1103
1107,1467,1169
1108,1349,1191
1109,1383,1065
1110,1318,1211
1111,1414,1199
1112,1352,1144
1113,1417,1152
1114,1396,1136
1115,1255,1098
1116,1295,1215
1117,1385,1159
1118,1349,1162
1119,1382,1083
1120,1296,1153
1121,1315,1133
1122,1318,1076
1123,1279,1066
1124,1231,1095
1125,1207,1081
1126,1154,1070
1127,1250,1102
1128,1249,1070
1129,1124,1037
1130,1263,1057
1131,1208,1134
1132,1298,1105
1133,1423,1125
1134,1357,1133
1135,1306,1139
1136,1349,1143
1137,1371,1185
1138,1380,1235
1139,1344,1171
1140,1361,1165
1141,1317,1114
1142,1324,1137
1143,1368,1255
1144,1424,1176
1145,1341,1166
1146,1381,1274
1147,1351,1242
1148,1393,1264
1149,1396,1234
1150,1440,1250
1151,1358,1229
1152,1266,1171
1153,1293,1145
1154,1311,1149
1155,1380,1128
1156,1357,1097
1157,1288,1113
1158,1259,1144
1159,1298,1180
1160,1267,1058
1161,1277,1014
1162,1246,1093
1163,1183,1054
1164,1272,929
1165,735,670
1166,774,638
1167,728,699
1168,722,640
1169,683,671
1170,745,641
1171,701,665
1172,1187,1027
1173,1231,1003
1174,1200,1059
1175,1208,1046
1176,1346,1083
1177,1283,1154
1178,1262,1172
1179,1335,1183
1180,1371,1186
1181,1399,1098
1182,1293,1182
1183,1366,1139
1184,1388,1145
1185,1455,1194
1186,1368,1239
1187,1418,1124
1188,1336,1298
1189,1376,1177
1190,1448,1173
1191,1425,1177
1192,1443,1280
1193,1417,1154
1194,1405,1235
1195,1301,1185
1196,1334,1238
1197,1480,1103
1198,1397,1228
1199,1412,1215
1200,1299,1111
1201,1282,1184
1202,1398,1242
1203,1251,1143
1204,1385,1086
1205,1249,1092
1206,1275,1065
1207,1235,1091
1208,1247,1044
1209,1178,970
1210,686,673
1211,695,633
1212,740,675
1213,738,671
1214,750,636
1215,701,659
1216,760,702
1217,775,658
1218,774,687
1219,712,629
1220,764,667
1221,704,654
1222,1179,979
1223,1250,1043
1224,1155,1051
1225,1315,1043
1226,1150,1063
1227,1297,1121
1228,1266,1117
1229,1412,1185
1230,1222,1237
1231,1446,1172
1232,1276,1051
1233,1381,1127
1234,1462,1171
1235,1528,1175
1236,1451,1239
1237,1374,1339
1238,1376,1225
1239,1403,1157
1240,1365,1255
1241,1338,1213
1242,1409,1232
1243,1494,1228
1244,1393,1299
1245,1463,1272
1246,1442,1208
1247,1410,1183
1248,1367,1192
1249,1419,1229
1250,1374,1231
1251,1427,1162
1252,1343,1253
1253,1347,1209
1254,1305,1131
1255,1282,1171
1256,1281,1021
1257,1396,1127
1258,1258,963
1259,1153,1131
1260,1146,1083
1261,1161,993
1262,660,652
1263,655,657
1264,732,651
1265,756,599
1266,760,686
1267,758,694
1268,800,658
1269,777,680
1270,777,661
1271,800,603
1272,762,670
1273,719,679
1274,757,659
1275,788,692
1276,755,683
1277,764,685
1278,1151,1006
1279,1228,1104
1280,1127,1051
1281,1295,1027
1282,1291,1185
1283,1335,1245
1284,1227,1190
1285,1314,1119
1286,1350,1171
1287,1360,1192
1288,1512,1256
1289,1409,1181
1290,1382,1201
1291,1368,1195
1292,1379,1228
1293,1421,1216
1294,1562,1309
1295,1450,1253
1296,1429,1177
1297,1455,1241
1298,1514,1172
1299,1430,1170
1300,1475,1259
1301,1466,1216
1302,1391,1222
1303,1531,1139
1304,1377,1214
1305,1442,1156
1306,1374,1085
1307,1441,1229
1308,1398,1113
1309,1305,1147
1310,1437,1147
1311,1368,1078
1312,1377,1166
1313,1360,1138
1314,1276,1175
1315,1182,1026
1316,1179,1020
1317,1235,1019
1318,672,622
1319,713,672
1320,795,629
1321,750,616
1322,761,685
1323,854,668
1324,824,655
1325,801,726
1326,766,642
1327,773,760
1328,822,676
1329,802,720
1330,769,708
1331,770,657
1332,775,653
1333,781,597
1334,793,655
1335,695,653
1336,1124,935
1337,1214,1143
1338,1224,1113
1339,1246,969
1340,1242,1107
1341,1347,1161
1342,1282,1114
1343,1277,1200
1344,1430,1141
1345,1334,1118
1346,1417,1181
1347,1398,1318
1348,1506,1181
1349,1416,1234
1350,1432,1221
1351,1459,1236
1352,1388,1220
1353,1397,1172
1354,1485,1222
1355,1558,1269
1356,1489,1249
1357,1553,1276
1358,1505,1247
1359,1385,1218
1360,1505,1199
1361,1437,1205
1362,1455,1140
1363,1359,1200
1364,1356,1228
1365,1383,1193
1366,1373,1147
1367,1427,1199
1368,1374,1157
1369,1338,1159
1370,1380,1184
1371,1307,1175
1372,1407,1070
1373,1336,1116
1374,1309,1055
1375,1353,1086
1376,1317,998
1377,1147,1033
1378,740,654
1379,733,691
1380,767,678
1381,727,653
1382,808,686
1383,832,690
1384,807,726
1385,758,720
1386,921,723
1387,864,695
1388,913,706
1389,776,672
1390,836,763
1391,810,719
1392,819,728
1393,813,699
1394,766,671
1395,723,728
1396,701,649
1397,1192,1110
1398,1266,1059
1399,1260,1159
1400,1269,1159
1401,1329,1022
1402,1335,1104
1403,1374,1175
1404,1298,1130
1405,1291,1226
1406,1506,1261
1407,1418,1190
1408,1532,1158
1409,1391,1219
1410,1408,1254
1411,1424,1330
1412,1556,1225
1413,1491,1167
1414,1495,1212
1415,1428,1184
1416,1514,1260
1417,1366,1302
1418,1442,1214
1419,1517,1195
1420,1386,1242
1421,1511,1277
1422,1482,1242
1423,1433,1172
1424,1427,1221
1425,1386,1191
1426,1442,1252
1427,1370,1220
1428,1389,1173
1429,1372,1177
1430,1403,1211
1431,1315,1151
1432,1495,1197
1433,1310,1174
1434,1269,1152
1435,1218,1052
1436,1315,1052
1437,1233,1065
1438,1231,1049
1439,716,674
1440,731,700
1441,773,653
1442,782,705
1443,797,734
1444,816,676
1445,866,674
1446,810,750
1447,820,737
1448,876,781
1449,907,748
1450,882,743
1451,872,779
1452,846,714
1453,857,706
1454,858,688
1455,824,671
1456,758,657
1457,763,701
1458,777,679
1459,1181,1013
1460,1182,1032
1461,1201,1095
1462,1330,1033
1463,1238,1095
1464,1382,1145
1465,1281,1197
1466,1316,1165
1467,1332,1184
1468,1467,1202
1469,1409,1236
1470,1406,1241
1471,1490,1285
1472,1423,1250
1473,1477,1141
1474,1487,1250
1475,1451,1383
1476,1521,1199
1477,1430,1160
1478,1494,1216
1479,1414,1307
1480,1450,1236
1481,1548,1336
1482,1538,1257
1483,1488,1240
1484,1364,1212
1485,1525,1234
1486,1552,1220
1487,1474,1264
1488,1399,1200
1489,1413,1230
1490,1464,1218
1491,1252,1184
1492,1447,1250
1493,1375,1170
1494,1449,1089
1495,1288,1227
1496,1424,1186
1497,1378,1116
1498,1318,1147
1499,1300,1082
1500,1203,1119
1501,1208,1071
1502,1217,1088
1503,793,618
1504,805,679
1505,767,694
1506,824,670
1507,799,715
1508,791,694
1509,888,741
1510,843,736
1511,920,726
1512,926,775
1513,844,764
1514,955,741
1515,885,745
1516,888,790
1517,823,753
1518,866,751
1519,817,707
1520,820,679
1521,759,695
1522,757,752
1523,723,661
1524,1167,1018
1525,1217,1149
1526,1266,1075
1527,1277,1110
1528,1293,1229
1529,1280,1184
1530,1338,1056
1531,1382,1255
1532,1425,1167
1533,1436,1155
1534,1536,1222
1535,1577,1223
1536,1519,1268
1537,1390,1198
1538,1381,1269
1539,1422,1213
1540,1430,1249
1541,1391,1296
1542,1463,1285
1543,1590,1224
1544,1401,1211
1545,1467,1329
1546,1458,1334
1547,1611,1309
1548,1441,1333
1549,1539,1205
1550,1460,1313
1551,1535,1304
1552,1492,1201
1553,1447,1261
1554,1492,1334
1555,1500,1200
1556,1379,1219
1557,1442,1262
1558,1449,1234
1559,1435,1135
1560,1305,1132
1561,1361,1252
1562,1246,1087
1563,1338,1062
1564,1358,1131
1565,1207,1144
1566,1200,1085
1567,1195,1068
1568,726,699
1569,789,680
1570,767,712
1571,779,669
1572,818,723
1573,900,684
1574,854,717
1575,894,747
1576,885,789
1577,828,739
1578,916,757
1579,938,847
1580,843,758
1581,885,807
1582,918,754
1583,892,807
1584,891,712
1585,835,726
1586,831,721
1587,772,638
1588,705,654
1589,732,686
1590,1265,1026
1591,1292,1095
1592,1266,1004
1593,1277,1062
1594,1284,1120
1595,1418,1122
1596,1344,1182
1597,1422,1211
1598,1475,1235
1599,1471,1201
1600,1487,1255
1601,1445,1264
1602,1459,1271
1603,1487,1339
1604,1471,1203
1605,1511,1306
1606,1497,1298
1607,1511,1232
1608,1532,1308
1609,1522,1294
1610,1490,1331
1611,1455,1292
1612,1579,1344
1613,1489,1283
1614,1546,1295
1615,1513,1197
1616,1453,1245
1617,1524,1214
1618,1495,1367
1619,1538,1305
1620,1440,1206
1621,1497,1336
1622,1499,1247
1623,1396,1228
1624,1386,1181
1625,1312,1255
1626,1318,1159
1627,1380,1109
1628,1423,1196
1629,1413,1154
1630,1326,1091
1631,1306,1112
1632,1230,1095
1633,1262,1070
1634,784,646
1635,735,617
1636,778,636
1637,794,701
1638,839,635
1639,858,733
1640,878,804
1641,877,799
1642,937,788
1643,959,743
1644,914,804
1645,965,769
1646,861,782
1647,947,773
1648,935,769
1649,924,755
1650,860,783
1651,803,694
1652,833,739
1653,806,734
1654,783,719
1655,773,707
1656,743,707
1657,1222,1025
1658,1254,957
1659,1233,1056
1660,1338,1034
1661,1339,1108
1662,1347,1137
1663,1439,1210
1664,1403,1191
1665,1377,1259
1666,1337,1180
1667,1448,1338
1668,1489,1361
1669,1439,1244
1670,1390,1252
1671,1554,1286
1672,1491,1170
1673,1517,1302
1674,1509,1267
1675,1473,1333
1676,1414,1240
1677,1504,1343
1678,1550,1318
1679,1504,1327
1680,1514,1174
1681,1578,1296
1682,1474,1283
1683,1513,1214
1684,1566,1320
1685,1413,1305
1686,1428,1346
1687,1376,1245
1688,1513,1312
1689,1384,1244
1690,1421,1295
1691,1516,1187
1692,1380,1300
1693,1398,1208
1694,1383,1214
1695,1335,1205
1696,1278,1189
1697,1303,1174
1698,1377,1149
1699,1331,1167
1700,1235,1139
1701,1267,1036
1702,1161,1020
1703,766,638
1704,718,688
1705,776,691
1706,786,701
1707,841,680
1708,823,738
1709,811,743
1710,847,721
1711,912,799
1712,839,815
1713,957,813
1714,915,788
1715,975,810
1716,944,792
1717,951,769
1718,891,821
1719,940,707
1720,864,790
1721,821,774
1722,894,714
1723,754,665
1724,763,664
1725,723,713
1726,1142,1016
1727,1191,1061
1728,1266,1083
1729,1277,1166
1730,1331,1134
1731,1360,1158
1732,1349,1135
1733,1375,1135
1734,1542,1190
1735,1562,1227
1736,1417,1227
1737,1361,1323
1738,1474,1324
1739,1599,1183
1740,1520,1355
1741,1409,1314
1742,1521,1305
1743,1477,1349
1744,1513,1180
1745,1548,1328
1746,1472,1300
1747,1435,1224
1748,1560,1402
1749,1540,1329
1750,1565,1363
1751,1586,1289
1752,1415,1343
1753,1532,1370
1754,1508,1289
1755,1513,1219
1756,1474,1244
1757,1468,1314
1758,1507,1294
1759,1435,1241
1760,1540,1206
1761,1469,1150
1762,1445,1346
1763,1438,1200
1764,1462,1107
1765,1361,1147
1766,1413,1210
1767,1235,1121
1768,1324,1159
1769,1234,1178
1770,1094,1094
1771,1222,1011
1772,754,669
1773,771,668
1774,761,644
1775,759,711
1776,837,711
1777,880,778
1778,869,776
1779,834,790
1780,921,779
1781,987,847
1782,859,852
1783,905,814
1784,937,765
1785,876,809
1786,925,778
1787,897,766
1788,909,839
1789,880,740
1790,796,724
1791,840,771
1792,804,702
1793,764,721
1794,758,632
1795,1197,1017
1796,1213,1102
1797,1342,1132
1798,1351,1078
1799,1366,1187
1800,1332,1089
1801,1351,1176
1802,1397,1204
1803,1487,1210
1804,1450,1253
1805,1550,1326
1806,1525,1209
1807,1544,1313
1808,1441,1309
1809,1589,1384
1810,1541,1319
1811,1568,1295
1812,1638,1328
1813,1529,1358
1814,1464,1250
1815,1616,1274
1816,1524,1334
1817,1548,1368
1818,1507,1262
1819,1551,1297
1820,1390,1324
1821,1434,1386
1822,1597,1246
1823,1573,1309
1824,1447,1306
1825,1395,1220
1826,1400,1205
1827,1466,1274
1828,1443,1259
1829,1454,1294
1830,1359,1297
1831,1412,1222
1832,1479,1242
1833,1312,1200
1834,1383,1173
1835,1329,1168
1836,1311,1149
1837,1371,1031
1838,1219,1082
1839,1314,1067
1840,1159,1053
1841,655,741
1842,802,722
1843,805,670
1844,898,700
1845,848,690
1846,886,778
1847,869,732
1848,906,825
1849,866,812
1850,942,809
1851,863,764
1852,999,873
1853,918,803
1854,938,776
1855,908,773
1856,954,737
1857,878,742
1858,914,744
1859,794,726
1860,816,730
1861,730,644
1862,707,689
1863,722,614
1864,1257,1085
1865,1216,1082
1866,1255,1066
1867,1317,1185
1868,1387,1211
1869,1367,1127
1870,1504,1131
1871,1322,1180
1872,1341,1286
1873,1483,1282
1874,1447,1219
1875,1460,1208
1876,1476,1312
1877,1387,1355
1878,1562,1322
1879,1502,1354
1880,1567,1264
1881,1588,1317
1882,1497,1309
1883,1528,1229
1884,1585,1370
1885,1649,1325
1886,1620,1283
1887,1469,1284
1888,1575,1355
1889,1483,1387
1890,1521,1253
1891,1436,1291
1892,1493,1338
1893,1453,1314
1894,1482,1262
1895,1477,1309
1896,1625,1311
1897,1537,1173
1898,1434,1258
1899,1437,1258
1900,1328,1310
1901,1391,1260
1902,1407,1294
1903,1349,1199
1904,1419,1239
1905,1327,1193
1906,1339,1067
1907,1277,1105
1908,1333,1049
1909,1205,1096
1910,701,682
1911,806,663
1912,763,725
1913,815,723
1914,848,712
1915,893,758
1916,826,768
1917,952,802
1918,908,854
1919,918,850
1920,935,742
1921,857,830
1922,896,790
1923,952,863
1924,849,791
1925,910,773
1926,931,752
1927,786,760
1928,795,732
1929,822,747
1930,737,688
1931,792,665
1932,697,659
1933,1102,1023
1934,1194,984
1935,1262,1126
1936,1211,1142
1937,1420,1146
1938,1339,1255
1939,1421,1190
1940,1438,1246
1941,1408,1209
1942,1508,1301
1943,1424,1314
1944,1417,1235
1945,1429,1330
1946,1453,1333
1947,1592,1292
1948,1626,1405
1949,1567,1400
1950,1602,1386
1951,1547,1391
1952,1554,1314
1953,1510,1354
1954,1593,1392
1955,1559,1406
1956,1677,1304
1957,1441,1377
1958,1567,1311
1959,1580,1308
1960,1479,1315
1961,1507,1315
1962,1576,1386
1963,1570,1305
1964,1498,1399
1965,1416,1341
1966,1353,1206
1967,1492,1282
1968,1457,1278
1969,1436,1232
1970,1461,1272
1971,1453,1179
1972,1408,1210
1973,1227,1235
1974,1373,1171
1975,1342,1143
1976,1323,1248
1977,1333,1103
1978,1260,1150
1979,1191,1116
1980,746,659
1981,812,665
1982,788,699
1983,846,716
1984,800,679
1985,855,738
1986,843,768
1987,926,761
1988,898,846
1989,947,783
1990,967,771
1991,909,768
1992,905,868
1993,964,807
1994,958,839
1995,935,830
1996,880,764
1997,857,708
1998,792,709
1999,840,652
2000,689,704
2001,722,674
2002,1238,1033
2003,1287,998
2004,1285,1089
2005,1351,1113
2006,1408,1229
2007,1399,1194
2008,1360,1178
2009,1424,1174
2010,1479,1258
2011,1436,1320
2012,1485,1412
2013,1531,1246
2014,1580,1238
2015,1546,1425
2016,1542,1334
2017,1625,1395
2018,1465,1352
2019,1555,1327
2020,1688,1341
2021,1567,1387
2022,1543,1350
2023,1500,1334
2024,1601,1349
2025,1488,1247
2026,1499,1333
2027,1534,1332
2028,1537,1333
2029,1426,1273
2030,1573,1379
2031,1478,1364
2032,1478,1307
2033,1408,1269
2034,1510,1258
2035,1541,1337
2036,1426,1307
2037,1522,1266
2038,1449,1262
2039,1475,1208
2040,1355,1145
2041,1445,1157
2042,1379,1147
2043,1319,1206
2044,1277,1097
2045,1360,1156
2046,1349,1119
2047,1270,1139
2048,1251,1048
2049,1249,1045
2050,781,624
2051,765,648
2052,789,689
2053,836,698
2054,864,752
2055,804,767
2056,814,830
2057,875,765
2058,916,748
2059,925,785
2060,940,852
2061,936,854
2062,879,853
2063,830,800
2064,859,771
2065,825,760
2066,812,706
2067,781,729
2068,743,693
2069,743,691
2070,757,647
2071,1136,1055
2072,1215,1073
2073,1280,1052
2074,1341,1108
2075,1352,1148
2076,1408,1209
2077,1400,1207
2078,1398,1194
2079,1383,1213
2080,1434,1220
2081,1461,1243
2082,1431,1260
2083,1451,1391
2084,1470,1396
2085,1472,1363
2086,1674,1378
2087,1585,1325
2088,1645,1458
2089,1568,1410
2090,1564,1330
2091,1549,1417
2092,1601,1323
2093,1518,1321
2094,1515,1329
2095,1496,1318
2096,1518,1388
2097,1552,1350
2098,1530,1276
2099,1479,1297
2100,1457,1300
2101,1453,1402
2102,1509,1269
2103,1554,1231
2104,1492,1221
2105,1454,1310
2106,1296,1258
2107,1513,1343
2108,1399,1236
2109,1441,1251
2110,1314,1292
2111,1356,1253
2112,1361,1170
2113,1353,1111
2114,1306,1137
2115,1352,1167
2116,1196,1131
2117,1232,1092
2118,1280,1025
2119,742,690
2120,742,712
2121,822,652
2122,794,725
2123,805,729
2124,817,709
2125,852,775
2126,833,803
2127,928,747
2128,928,775
2129,908,816
2130,856,847
2131,835,796
2132,858,770
2133,855,773
2134,883,827
2135,807,722
2136,763,669
2137,762,706
2138,694,682
2139,753,653
2140,1172,1056
2141,1287,1107
2142,1334,1067
2143,1312,993
2144,1328,1226
2145,1397,1115
2146,1440,1229
2147,1423,1232
2148,1401,1296
2149,1444,1312
2150,1357,1292
2151,1577,1271
2152,1595,1243
2153,1470,1339
2154,1526,1411
2155,1667,1417
2156,1631,1346
2157,1567,1451
2158,1603,1437
2159,1622,1421
2160,1661,1303
2161,1641,1324
2162,1612,1338
2163,1463,1338
2164,1447,1282
2165,1607,1387
2166,1647,1353
2167,1613,1327
2168,1514,1203
2169,1538,1274
2170,1579,1284
2171,1489,1280
2172,1479,1183
2173,1466,1274
2174,1426,1193
2175,1542,1300
2176,1510,1288
2177,1439,1169
2178,1419,1226
2179,1450,1246
2180,1408,1174
2181,1339,1168
2182,1359,1164
2183,1328,1096
2184,1308,1097
2185,1209,1079
2186,1248,1029
2187,1191,1106
2188,703,660
2189,758,673
2190,752,685
2191,788,652
2192,751,805
2193,806,729
2194,897,735
2195,871,800
2196,908,798
2197,816,752
2198,896,732
2199,867,736
2200,890,781
2201,879,740
2202,885,723
2203,800,724
2204,828,757
2205,783,701
2206,757,678
2207,746,684
2208,749,656
2209,1186,1082
2210,1171,1073
2211,1223,1095
2212,1240,1119
2213,1343,1139
2214,1473,1179
2215,1408,1167
2216,1427,1246
2217,1402,1279
2218,1499,1284
2219,1545,1306
2220,1549,1294
2221,1557,1308
2222,1547,1401
2223,1535,1390
2224,1546,1288
2225,1522,1452
2226,1521,1546
2227,1565,1410
2228,1499,1321
2229,1572,1385
2230,1534,1391
2231,1569,1457
2232,1675,1316
2233,1566,1280
2234,1452,1200
2235,1436,1327
2236,1534,1311
2237,1487,1276
2238,1520,1323
2239,1504,1382
2240,1546,1309
2241,1418,1295
2242,1435,1337
2243,1390,1210
2244,1469,1251
2245,1433,1350
2246,1365,1214
2247,1471,1224
2248,1435,1209
2249,1399,1190
2250,1344,1137
2251,1310,1154
2252,1348,1158
2253,1309,1169
2254,1222,1038
2255,1093,1083
2256,1230,1165
2257,713,694
2258,783,671
2259,744,676
2260,807,680
2261,811,756
2262,845,710
2263,807,692
2264,874,727
2265,845,702
2266,826,738
2267,834,763
2268,834,758
2269,856,779
2270,806,774
2271,774,684
2272,766,715
2273,774,729
2274,753,652
2275,671,687
2276,1196,1097
2277,1256,1088
2278,1285,1238
2279,1323,1161
2280,1360,1241
2281,1467,1202
2282,1388,1148
2283,1366,1346
2284,1346,1179
2285,1531,1256
2286,1437,1250
2287,1480,1320
2288,1534,1343
2289,1435,1320
2290,1612,1300
2291,1675,1448
2292,1646,1344
2293,1609,1393
2294,1629,1352
2295,1446,1392
2296,1581,1378
2297,1627,1345
2298,1587,1316
2299,1597,1312
2300,1554,1338
2301,1576,1395
2302,1571,1376
2303,1486,1346
2304,1632,1353
2305,1440,1316
2306,1555,1281
2307,1517,1356
2308,1529,1347
2309,1536,1202
2310,1478,1357
2311,1399,1278
2312,1449,1312
2313,1409,1368
2314,1362,1247
2315,1444,1154
2316,1405,1195
2317,1431,1188
2318,1363,1185
2319,1331,1132
2320,1284,1062
2321,1300,1094
2322,1248,1073
2323,1197,1065
2324,704,605
2325,706,696
2326,730,683
2327,757,725
2328,864,697
2329,775,700
2330,807,747
2331,806,722
2332,820,777
2333,793,719
2334,820,747
2335,856,764
2336,767,678
2337,786,744
2338,771,687
2339,747,706
2340,762,628
2341,691,670
2342,758,656
2343,1184,983
2344,1265,1113
2345,1242,1080
2346,1289,1082
2347,1413,1195
2348,1361,1226
2349,1384,1195
2350,1433,1246
2351,1491,1243
2352,1423,1285
2353,1392,1225
2354,1412,1261
2355,1405,1254
2356,1563,1454
2357,1594,1262
2358,1453,1226
2359,1527,1290
2360,1627,1384
2361,1636,1385
2362,1531,1310
2363,1533,1370
2364,1476,1388
2365,1473,1356
2366,1482,1321
2367,1484,1286
2368,1587,1332
2369,1549,1262
2370,1584,1311
2371,1523,1347
2372,1514,1266
2373,1472,1274
2374,1453,1360
2375,1564,1224
2376,1500,1274
2377,1558,1228
2378,1604,1351
2379,1450,1251
2380,1489,1272
2381,1453,1227
2382,1423,1206
2383,1359,1237
2384,1398,1225
2385,1445,1134
2386,1329,1139
2387,1312,1048
2388,1328,1082
2389,1226,1154
2390,1182,1014
2391,695,650
2392,778,663
2393,700,703
2394,783,654
2395,812,697
2396,796,711
2397,797,741
2398,807,711
2399,728,713
2400,784,670
2401,809,669
2402,827,672
2403,758,672
2404,785,696
2405,723,652
2406,745,672
2407,736,675
2408,1266,1057
2409,1203,1111
2410,1262,1095
2411,1346,1196
2412,1374,1100
2413,1458,1083
2414,1396,1300
2415,1458,1203
2416,1446,1134
2417,1564,1246
2418,1374,1310
2419,1438,1288
2420,1439,1288
2421,1501,1269
2422,1589,1463
2423,1556,1226
2424,1584,1297
2425,1526,1330
2426,1577,1362
2427,1596,1327
2428,1544,1253
2429,1480,1418
2430,1575,1414
2431,1455,1339
2432,1588,1262
2433,1595,1288
2434,1521,1272
2435,1668,1339
2436,1607,1239
2437,1507,1315
2438,1489,1307
2439,1523,1323
2440,1530,1341
2441,1550,1481
2442,1515,1222
2443,1454,1221
2444,1390,1227
2445,1417,1184
2446,1349,1249
2447,1358,1227
2448,1440,1233
2449,1320,1165
2450,1277,1221
2451,1417,1188
2452,1371,1112
2453,1374,1044
2454,1237,1069
2455,1194,1066
2456,702,640
2457,708,691
2458,707,639
2459,736,692
2460,738,685
2461,751,710
2462,800,731
2463,798,710
2464,744,677
2465,773,721
2466,744,717
2467,691,673
2468,718,688
2469,784,617
2470,653,646
2471,1247,1071
2472,1315,1097
2473,1362,1074
2474,1301,1227
2475,1349,1206
2476,1392,1144
2477,1409,1247
2478,1476,1228
2479,1470,1244
2480,1430,1206
2481,1453,1251
2482,1445,1285
2483,1533,1198
2484,1482,1192
2485,1562,1356
2486,1569,1302
2487,1521,1343
2488,1439,1297
2489,1523,1352
2490,1542,1350
2491,1597,1366
2492,1452,1342
2493,1515,1335
2494,1472,1345
2495,1509,1364
2496,1446,1275
2497,1575,1335
2498,1515,1322
2499,1527,1282
2500,1545,1328
2501,1528,1318
2502,1534,1244
2503,1412,1226
2504,1361,1268
2505,1527,1328
2506,1423,1202
2507,1352,1222
2508,1349,1211
2509,1459,1130
2510,1452,1209
2511,1355,1115
2512,1319,1121
2513,1379,1171
2514,1280,1055
2515,1239,1085
2516,1230,1097
2517,714,654
2518,707,667
2519,667,673
2520,742,708
2521,727,652
2522,698,649
2523,724,695
2524,746,673
2525,742,699
2526,733,664
2527,664,665
2528,1250,1182
2529,1274,1052
2530,1291,1176
2531,1374,1082
2532,1308,1133
2533,1371,1206
2534,1436,1178
2535,1377,1207
2536,1459,1257
2537,1425,1278
2538,1402,1270
2539,1491,1317
2540,1519,1297
2541,1510,1271
2542,1400,1280
2543,1466,1325
2544,1503,1255
2545,1394,1372
2546,1560,1306
2547,1534,1317
2548,1627,1352
2549,1539,1321
2550,1537,1379
2551,1536,1319
2552,1562,1269
2553,1452,1256
2554,1555,1220
2555,1491,1223
2556,1538,1324
2557,1539,1291
2558,1497,1287
2559,1400,1211
2560,1474,1276
2561,1322,1252
2562,1501,1169
2563,1458,1197
2564,1502,1250
2565,1397,1216
2566,1441,1220
2567,1393,1170
2568,1303,1093
2569,1424,1170
2570,1384,1105
2571,1190,1057
2572,1200,1111
2573,1165,1046
2574,747,693
2575,751,732
2576,730,684
2577,740,638
2578,693,669
2579,1275,1014
2580,1313,1082
2581,1347,1235
2582,1366,1167
2583,1322,1109
2584,1328,1160
2585,1380,1318
2586,1390,1287
2587,1412,1250
2588,1466,1266
2589,1437,1271
2590,1462,1224
2591,1565,1317
2592,1490,1351
2593,1422,1319
2594,1451,1271
2595,1452,1287
2596,1520,1232
2597,1510,1308
2598,1483,1330
2599,1559,1377
2600,1437,1308
2601,1513,1282
2602,1507,1247
2603,1573,1252
2604,1560,1305
2605,1553,1284
2606,1466,1233
2607,1559,1355
2608,1506,1321
2609,1453,1291
2610,1391,1229
2611,1459,1334
2612,1341,1281
2613,1407,1258
2614,1487,1194
2615,1411,1192
2616,1419,1193
2617,1467,1156
2618,1395,1227
2619,1325,1176
2620,1283,1167
2621,1236,1125
2622,1264,1165
2623,1300,1093
2624,1206,1048
2625,1197,1063
2626,1231,1090
2627,1353,1076
2628,1249,1209
2629,1381,1228
2630,1399,1223
2631,1410,1240
2632,1341,1244
2633,1448,1147
2634,1402,1297
2635,1415,1344
2636,1601,1367
2637,1533,1325
2638,1540,1288
2639,1503,1347
2640,1540,1212
2641,1530,1389
2642,1520,1295
2643,1571,1186
2644,1479,1324
2645,1475,1389
2646,1510,1325
2647,1541,1319
2648,1535,1264
2649,1472,1308
2650,1491,1319
2651,1483,1283
2652,1432,1322
2653,1438,1333
2654,1405,1324
2655,1456,1351
2656,1407,1298
2657,1495,1302
2658,1450,1296
2659,1457,1308
2660,1406,1320
2661,1421,1186
2662,1319,1200
2663,1415,1179
2664,1355,1252
2665,1286,1166
2666,1324,1224
2667,1284,1160
2668,1185,1123
2669,1233,1069
2670,1277,1032
2671,1175,1024
2672,1298,1067
2673,1267,1123
2674,1315,1086
2675,1355,1129
2676,1390,1226
2677,1338,1193
2678,1370,1186
2679,1439,1289
2680,1431,1280
2681,1417,1246
2682,1535,1362
2683,1454,1284
2684,1574,1266
2685,1550,1385
2686,1505,1265
2687,1416,1239
2688,1490,1243
2689,1507,1257
2690,1434,1261
2691,1556,1384
2692,1540,1253
2693,1564,1342
2694,1477,1281
2695,1518,1259
2696,1496,1254
2697,1481,1358
2698,1491,1212
2699,1446,1268
2700,1531,1211
2701,1487,1290
2702,1424,1199
2703,1456,1352
2704,1460,1251
2705,1392,1227
2706,1359,1220
2707,1374,1207
2708,1383,1233
2709,1400,1156
2710,1296,1257
2711,1263,1284
2712,1314,1090
2713,1243,1075
2714,1266,1142
2715,1273,1105
2716,1211,1057
2717,1193,1051
2718,1240,1053
2719,1382,1127
2720,1346,1198
2721,1332,1212
2722,1261,1254
2723,1387,1171
2724,1405,1229
2725,1428,1312
2726,1375,1182
2727,1546,1231
2728,1510,1238
2729,1395,1241
2730,1525,1226
2731,1448,1327
2732,1414,1297
2733,1458,1288
2734,1438,1230
2735,1524,1327
2736,1502,1304
2737,1543,1302
2738,1402,1258
2739,1549,1314
2740,1527,1336
2741,1497,1273
2742,1565,1266
2743,1523,1365
2744,1550,1340
2745,1518,1232
2746,1537,1249
2747,1492,1268
2748,1410,1180
2749,1421,1247
2750,1424,1161
2751,1430,1134
2752,1338,1233
2753,1350,1172
2754,1321,1175
2755,1297,1144
2756,1214,1120
2757,1251,1060
2758,1224,1164
2759,1206,1058
2760,1169,1007
2761,1288,1152
2762,1300,1101
2763,1268,1122
2764,1280,1178
2765,1345,1186
2766,1344,1136
2767,1385,1254
2768,1374,1304
2769,1406,1191
2770,1435,1284
2771,1426,1344
2772,1431,1283
2773,1479,1245
2774,1489,1318
2775,1518,1311
2776,1452,1296
2777,1585,1379
2778,1497,1265
2779,1501,1323
2780,1427,1283
2781,1494,1266
2782,1470,1300
2783,1480,1327
2784,1469,1287
2785,1405,1279
2786,1415,1200
2787,1513,1303
2788,1467,1346
2789,1455,1198
2790,1445,1165
2791,1386,1189
2792,1430,1290
2793,1321,1236
2794,1396,1240
2795,1413,1203
2796,1384,1121
2797,1286,1174
2798,1338,1164
2799,1357,1116
2800,1298,1105
2801,1241,1085
2802,1201,1086
2803,1146,1024
2804,1231,1070
2805,1263,1127
2806,1244,1261
2807,1324,1208
2808,1345,1218
2809,1362,1193
2810,1391,1187
2811,1397,1212
2812,1470,1230
2813,1357,1244
2814,1413,1188
2815,1508,1212
2816,1530,1346
2817,1447,1342
2818,1461,1347
2819,1523,1284
2820,1449,1248
2821,1431,1261
2822,1441,1350
2823,1423,1298
2824,1444,1292
2825,1500,1262
2826,1506,1307
2827,1430,1328
2828,1385,1320
2829,1458,1158
2830,1369,1242
2831,1374,1324
2832,1477,1324
2833,1390,1231
2834,1362,1202
2835,1425,1249
2836,1480,1152
2837,1406,1200
2838,1444,1189
2839,1401,1129
2840,1320,1129
2841,1217,1136
2842,1352,1081
2843,1163,1105
2844,1285,1028
2845,1289,1034
2846,1134,1048
2847,1139,1045
2848,1246,1075
2849,1288,1079
2850,1292,1096
2851,1304,1137
2852,1378,1110
2853,1430,1194
2854,1387,1240
2855,1355,1206
2856,1347,1243
2857,1439,1253
2858,1382,1187
2859,1405,1261
2860,1443,1382
2861,1522,1258
2862,1457,1376
2863,1470,1262
2864,1407,1270
2865,1426,1287
2866,1426,1295
2867,1409,1361
2868,1425,1286
2869,1374,1269
2870,1396,1258
2871,1387,1221
2872,1413,1195
2873,1429,1239
2874,1440,1267
2875,1530,1267
2876,1362,1138
2877,1386,1211
2878,1452,1174
2879,1405,1093
2880,1424,1227
2881,1331,1196
2882,1302,1164
2883,1239,1193
2884,1304,1050
2885,1312,1080
2886,1168,1096
2887,1203,1122
2888,1304,961
2889,1170,1095
2890,1257,1116
2891,1186,1194
2892,1242,1165
2893,1280,1133
2894,1410,1278
2895,1509,1161
2896,1321,1248
2897,1443,1152
2898,1368,1310
2899,1465,1199
2900,1443,1207
2901,1312,1258
2902,1319,1248
2903,1384,1300
2904,1453,1213
2905,1437,1200
2906,1352,1181
2907,1501,1296
2908,1465,1272
2909,1442,1306
2910,1390,1345
2911,1398,1336
2912,1419,1258
2913,1365,1241
2914,1386,1274
2915,1457,1230
2916,1457,1189
2917,1449,1232
2918,1397,1245
2919,1402,1174
2920,1409,1246
2921,1339,1149
2922,1350,1054
2923,1292,1179
2924,1223,1089
2925,1227,1110
2926,1218,1029
2927,1235,1056
2928,1198,1042
2929,1194,989
2930,1353,1085
2931,1274,1079
2932,1234,1166
2933,1279,1119
2934,1275,1210
2935,1350,1154
2936,1369,1270
2937,1352,1185
2938,1356,1242
2939,1376,1244
2940,1397,1144
2941,1394,1231
2942,1488,1189
2943,1424,1220
2944,1367,1216
2945,1462,1248
2946,1425,1219
2947,1443,1187
2948,1363,1271
2949,1423,1260
2950,1356,1232
2951,1441,1224
2952,1360,1280
2953,1477,1152
2954,1390,1230
2955,1376,1211
2956,1365,1349
2957,1384,1227
2958,1368,1242
2959,1357,1154
2960,1395,1095
2961,1330,1293
2962,1351,1169
2963,1408,1074
2964,1287,1066
2965,1243,1114
2966,1213,1134
2967,1230,1060
2968,1222,992
2969,1165,1096
2970,1250,1125
2971,1245,1124
2972,1377,1135
2973,1349,1198
2974,1389,1204
2975,1427,1215
2976,1392,1280
2977,1355,1111
2978,1362,1212
2979,1390,1258
2980,1417,1175
2981,1411,1331
2982,1371,1248
2983,1416,1176
2984,1443,1216
2985,1348,1194
2986,1385,1272
2987,1398,1280
2988,1349,1203
2989,1392,1257
2990,1383,1138
2991,1362,1237
2992,1275,1147
2993,1440,1230
2994,1487,1154
2995,1311,1152
2996,1358,1095
2997,1389,1130
2998,1288,1085
2999,1331,1179
3000,1212,1276
3001,1227,1158
3002,1249,1047
3003,1156,1115
3004,1200,1062
3005,1203,944
3006,1107,1013
3007,1200,1111
3008,1237,1123
3009,1252,1089
3010,1367,1191
3011,1395,1193
3012,1384,1253
3013,1377,1172
3014,1332,1172
3015,1487,1272
3016,1301,1204
3017,1330,1336
3018,1338,1183
3019,1372,1253
3020,1424,1233
3021,1413,1247
3022,1384,1200
3023,1372,1174
3024,1431,1227
3025,1376,1151
3026,1380,1178
3027,1364,1338
3028,1450,1183
3029,1390,1214
3030,1312,1270
3031,1376,1321
3032,1288,1186
3033,1314,1112
3034,1354,1183
3035,1293,1172
3036,1270,1084
3037,1310,1116
3038,1273,1152
3039,1294,1191
3040,1186,1045
3041,1184,1007
3042,1176,960
3043,1179,1059
3044,1208,1073
3045,1310,1203
3046,1289,1100
3047,1310,1165
3048,1252,1116
3049,1291,1197
3050,1398,1172
3051,1319,1175
3052,1305,1222
3053,1393,1132
3054,1373,1257
3055,1454,1182
3056,1469,1185
3057,1422,1214
3058,1287,1157
3059,1439,1180
3060,1406,1166
3061,1326,1119
3062,1330,1229
3063,1304,1153
3064,1330,1108
3065,1311,1193
3066,1327,1130
3067,1296,1198
3068,1308,1123
3069,1329,1152
3070,1352,1245
3071,1340,1144
3072,1247,1078
3073,1243,1153
3074,1224,1027
3075,1272,1103
3076,1152,1023
3077,1130,1035
3078,1129,889
3079,1131,1048
3080,1233,1070
3081,1326,1071
3082,1244,1150
3083,1334,1186
3084,1333,1217
3085,1306,1189
3086,1337,1172
3087,1245,1149
3088,1368,1257
3089,1361,1063
3090,1300,1141
3091,1368,1177
3092,1315,1219
3093,1467,1111
3094,1333,1162
3095,1390,1225
3096,1369,1209
3097,1337,1164
3098,1307,1186
3099,1319,1263
3100,1296,1126
3101,1326,1192
3102,1370,1243
3103,1329,1136
3104,1274,1133
3105,1268,1126
3106,1335,1040
3107,1221,1095
3108,1166,1014
3109,1267,1090
3110,1252,1065
3111,1139,1064
3112,1050,1055
3113,1082,1095
3114,1189,1002
3115,1141,1032
3116,1236,1080
3117,1296,1086
3118,1324,1108
3119,1224,1202
3120,1295,1142
3121,1329,1137
3122,1409,1175
3123,1296,1231
3124,1366,1146
3125,1378,1053
3126,1300,1156
3127,1245,1164
3128,1263,1179
3129,1336,1176
3130,1338,1246
3131,1300,1136
3132,1291,1136
3133,1216,1151
3134,1325,1154
3135,1258,1123
3136,1329,1181
3137,1257,1234
3138,1311,1166
3139,1257,1008
3140,1170,1110
3141,1233,1060
3142,1193,1101
3143,1201,956
3144,1201,992
3145,1047,963
3146,1200,1025
3147,1133,1046
3148,1113,1032
3149,1191,1148
3150,1126,1012
3151,1189,965
3152,1295,1079
3153,1218,1098
3154,1274,1061
3155,1284,1117
3156,1292,1199
3157,1411,1136
3158,1382,1196
3159,1252,1141
3160,1185,1101
3161,1206,1037
3162,1351,1115
3163,1335,1132
3164,1268,1148
3165,1191,1138
3166,1281,1112
3167,1300,1000
3168,1270,1180
3169,1187,1112
3170,1177,1163
3171,1309,1065
3172,1156,1054
3173,1122,1092
3174,1165,955
3175,1260,965
3176,1044,931
3177,1169,1071
3178,1162,1025
3179,1185,982
3180,1214,1062
3181,1198,1103
3182,1259,1096
3183,1326,1084
3184,1248,1065
3185,1288,1220
3186,1289,1180
3187,1289,1086
3188,1278,1090
3189,1304,1164
3190,1309,1068
3191,1269,999
3192,1260,1085
3193,1394,1177
3194,1282,1103
3195,1129,1095
3196,1174,1128
3197,1258,1119
3198,1235,1088
3199,1207,1051
3200,1037,994
3201,1262,1056
3202,1141,1018
3203,1125,1074
3204,1166,1090
3205,1222,1027
3206,1135,1056
3207,1170,979
3208,1183,1072
3209,1206,1025
3210,1227,1050
3211,1188,986
3212,1249,1146
3213,1255,1097
3214,1195,1098
3215,1223,1098
3216,1219,1060
3217,1216,1089
3218,1275,1068
3219,1126,1079
3220,1252,1038
3221,1316,1084
3222,1150,1085
3223,1121,941
3224,1150,962
3225,1106,986
3226,1116,976
3227,1170,955
3228,1229,967
3229,1232,1059
3230,1090,1030
3231,1180,988
3232,1248,1062
3233,1185,1093
3234,1109,1026
3235,1326,987
3236,1105,1054
3237,1172,1030
3238,1149,1024
3239,1227,1038
3240,1070,1128
3241,1196,1000
3242,1127,1093
3243,1212,1039
3244,1134,1000
3245,1165,985
3246,1176,1017
3247,1221,966
3248,1131,1038
3249,1213,1049
3250,1209,1079
3251,1219,994
3252,1208,985
3253,1224,1042
3254,1151,1042
3255,775,704
3256,788,677
3257,787,674
3258,754,722
3259,735,732
3260,722,724
3261,757,650
3262,765,663
3263,830,651
3264,786,686
3265,840,713
3266,781,678
3267,754,681
3268,711,664
3269,787,667
3270,777,691
3271,821,669
3272,730,655
3273,736,704
3274,811,678
3275,801,711
3276,829,726
3277,820,684
3278,760,750
3279,759,676
3280,826,649
3281,743,664
3282,745,684
3283,804,731
3284,776,739
3285,805,697
3286,856,676
3287,806,736
3288,841,766
3289,783,706
3290,778,672
3291,842,702
3292,804,721
3293,814,693
3294,794,742
3295,809,678
3296,772,670
3297,824,673
3298,784,715
3299,770,726
3300,816,731
3301,818,744
3302,851,728
3303,811,659
3304,821,676
3305,813,783
3306,770,689
3307,869,694
3308,783,688
3309,819,726
3310,743,712
3311,775,681
3312,751,660
3313,766,705
3314,871,684
3315,783,687
3316,799,684
3317,859,702
3318,869,790
3319,851,777
3320,939,744
3321,883,698
3322,868,730
3323,824,779
3324,836,738
3325,815,740
3326,790,698
3327,804,705
3328,774,677
3329,776,707
3330,796,685
3331,758,710
3332,798,706
3333,808,767
3334,927,733
3335,845,774
3336,852,737
3337,892,740
3338,880,703
3339,867,722
3340,902,729
3341,763,708
3342,776,726
3343,784,672
3344,772,692
3345,733,665
3346,776,700
3347,784,704
3348,836,671
3349,827,715
3350,827,766
3351,920,739
3352,868,725
3353,972,784
3354,957,734
3355,855,783
3356,869,760
3357,823,750
3358,832,770
3359,827,765
3360,791,713
3361,840,726
3362,784,731
3363,801,675
3364,780,731
3365,834,736
3366,851,662
3367,884,754
3368,865,715
3369,790,714
3370,882,758
3371,887,754
3372,912,741
3373,825,774
3374,867,734
3375,896,782
3376,785,788
3377,832,753
3378,869,713
3379,830,761
3380,776,713
3381,818,674
3382,731,692
3383,812,721
3384,898,666
3385,853,685
3386,918,693
3387,897,726
3388,895,672
3389,925,758
3390,856,797
3391,893,756
3392,995,733
3393,802,715
3394,849,777
3395,887,707
3396,824,752
3397,795,705
3398,807,715
3399,803,666
3400,781,643
3401,801,677
3402,816,730
3403,802,700
3404,796,702
3405,821,766
3406,827,732
3407,887,719
3408,937,673
3409,909,764
3410,896,725
3411,962,781
3412,875,720
3413,864,723
3414,868,748
3415,804,722
3416,818,668
3417,791,722
3418,709,628
3419,788,689
3420,786,724
3421,772,741
3422,856,691
3423,886,766
3424,839,716
3425,847,769
3426,881,708
3427,808,802
3428,908,747
3429,848,751
3430,902,726
3431,827,815
3432,817,645
3433,845,749
3434,812,686
3435,793,665
3436,750,680
3437,775,704
3438,809,698
3439,835,796
3440,816,706
3441,861,715
3442,865,715
3443,827,755
3444,858,799
3445,852,672
3446,889,766
3447,804,673
3448,848,706
3449,784,698
3450,790,711
3451,820,713
3452,789,689
3453,754,705
3454,836,685
3455,725,749
3456,849,701
3457,899,753
3458,878,703
3459,790,786
3460,883,770
3461,824,727
3462,867,709
3463,779,642
3464,821,707
3465,786,723
3466,821,678
3467,803,734
3468,758,703
3469,763,755
3470,749,769
3471,798,749
3472,733,742
3473,827,701
3474,831,717
3475,779,719
3476,803,699
3477,794,699
3478,903,743
3479,834,770
3480,763,720
3481,825,695
3482,804,697
3483,803,672
3484,764,687
3485,806,679
3486,827,705
3487,856,710
3488,794,744
3489,795,733
3490,819,721
3491,745,677
3492,801,764
3493,821,691
3494,846,678
3495,780,681
3496,733,727
3497,810,708
3498,793,705
3499,857,674
3500,835,743
3501,839,744
3502,785,679
3503,824,728
3504,785,666
3505,783,687
3506,778,739
3507,750,752
3508,789,719
3509,832,714
3510,776,649
3511,765,724
3512,785,646
3513,731,713
3514,821,743
3515,815,741
3516,765,678
3517,700,615
3518,722,687
3519,756,617
3520,804,641
3521,736,664
3522,735,621
3523,705,604
3524,743,669
3525,747,665
3526,736,666
3527,790,687
3528,721,679
3529,701,647
3530,694,632
3531,762,639
3532,780,693
3533,704,630
3534,694,615
3535,749,662
3536,727,713
3537,761,703
3538,769,662
3539,668,663
3540,721,689
3541,751,684
3542,712,720
3543,698,647
3544,689,673
3545,766,720
3546,815,683
3547,723,688
3548,753,654
3549,732,645
3550,764,685
3551,751,645
3552,697,665
3553,738,667
3554,701,599
3555,769,651
3556,749,661
3557,727,695
3558,736,672
3559,779,676
3560,728,673
3561,724,719
3562,686,653
3563,779,705
3564,712,696
3565,743,672
3566,777,665
3567,726,663
3568,695,656
3569,699,642
3570,680,627
3571,713,646
3572,680,670
3573,802,671
3574,760,674
3575,775,701
3576,772,722
3577,799,755
3578,777,746
3579,766,687
3580,789,691
3581,781,679
3582,759,674
3583,774,689
3584,679,650
3585,664,636
3586,682,634
3587,748,681
3588,734,706
3589,772,673
3590,732,664
3591,775,713
3592,763,692
3593,795,722
3594,839,682
3595,842,746
3596,840,681
3597,751,721
3598,804,679
3599,757,636
3600,708,691
3601,716,657
3602,682,663
3603,703,648
3604,699,650
3605,715,630
3606,741,663
3607,736,713
3608,728,726
3609,832,687
3610,818,643
3611,772,742
3612,837,685
3613,835,703
3614,799,675
3615,750,732
3616,762,680
3617,789,715
3618,774,685
3619,707,652
3620,712,603
3621,703,624
3622,701,619
3623,704,645
3624,745,641
3625,792,666
3626,826,689
3627,796,743
3628,781,755
3629,837,743
3630,882,678
3631,880,684
3632,799,696
3633,855,672
3634,742,694
3635,766,679
3636,713,633
3637,732,692
3638,728,656
3639,688,623
3640,705,634
3641,783,688
3642,769,676
3643,780,720
3644,783,736
3645,887,709
3646,757,675
3647,822,706
3648,818,708
3649,801,723
3650,791,682
3651,697,756
3652,768,647
3653,782,706
3654,754,675
3655,723,671
3656,709,628
3657,699,653
3658,737,672
3659,747,648
3660,782,721
3661,778,728
3662,782,726
3663,846,691
3664,806,694
3665,864,704
3666,756,676
3667,839,666
3668,749,677
3669,809,696
3670,740,671
3671,776,641
3672,773,598
3673,737,621
3674,691,632
3675,718,670
3676,739,665
3677,742,670
3678,723,663
3679,691,672
3680,805,683
3681,789,677
3682,837,700
3683,777,681
3684,776,720
3685,813,719
3686,783,703
3687,755,589
3688,733,718
3689,722,649
3690,793,647
3691,724,657
3692,715,657
3693,677,693
3694,736,626
3695,744,652
3696,808,648
3697,840,714
3698,731,740
3699,836,696
3700,817,717
3701,736,695
3702,766,659
3703,733,657
3704,667,632
3705,740,663
3706,689,639
3707,753,642
3708,671,622
3709,751,654
3710,746,646
3711,722,625
3712,761,694
3713,815,684
3714,786,654
3715,743,732
3716,773,658
3717,745,688
3718,771,648
3719,718,648
3720,744,690
3721,817,666
3722,686,681
3723,674,652
3724,697,697
3725,704,683
3726,757,667
3727,832,655
3728,695,666
3729,766,674
3730,753,711
3731,710,685
3732,760,640
3733,711,672
3734,701,619
3735,682,681
3736,761,663
3737,676,631
3738,713,661
3739,731,700
3740,718,658
3741,722,614
3742,737,613
3743,766,713
3744,773,645
3745,692,640
3746,728,642
3747,794,658
3748,690,656
3749,656,684
3750,688,624
3751,759,702
3752,752,648
3753,735,690
3754,725,652
3755,706,674
3756,710,649
3757,766,677
3758,718,645
3759,753,649
3760,687,674
3761,700,641
3762,770,682
3763,847,715
3764,855,726
3765,874,720
3766,865,770
3767,813,768
3768,847,731
3769,839,811
3770,838,734
3771,889,764
3772,973,784
3773,849,745
3774,846,784
3775,847,768
3776,878,777
3777,888,763
3778,858,715
3779,819,711
3780,823,756
3781,833,752
3782,912,755
3783,935,807
3784,952,787
3785,997,805
3786,953,790
3787,1035,845
3788,978,841
3789,949,802
3790,888,856
3791,916,815
3792,907,830
3793,854,812
3794,842,672
3795,821,721
3796,848,731
3797,963,787
3798,879,780
3799,949,749
3800,1021,863
3801,1032,822
3802,1005,808
3803,1079,930
3804,1110,928
3805,1024,899
3806,1063,889
3807,962,874
3808,930,777
3809,911,818
3810,949,764
3811,973,794
3812,817,812
3813,839,738
3814,846,729
3815,903,802
3816,957,757
3817,1016,804
3818,1018,835
3819,1040,814
3820,1022,913
3821,1068,907
3822,1042,822
3823,1099,961
3824,1106,830
3825,1019,916
3826,1154,918
3827,1012,816
3828,949,834
3829,918,834
3830,914,767
3831,962,766
3832,861,702
3833,811,792
3834,841,741
3835,889,782
3836,983,828
3837,1005,827
3838,1011,871
3839,1104,877
3840,1081,904
3841,1056,888
3842,1089,914
3843,1112,918
3844,1058,871
3845,1134,914
3846,1105,837
3847,1093,921
3848,1032,965
3849,1017,872
3850,1050,879
3851,1042,830
3852,984,825
3853,877,717
3854,850,779
3855,890,776
3856,996,805
3857,991,822
3858,1041,830
3859,1113,878
3860,1113,889
3861,1090,970
3862,1122,966
3863,1098,937
3864,1100,1032
3865,1109,946
3866,1175,1030
3867,1171,994
3868,1131,981
3869,1058,895
3870,1042,910
3871,1108,948
3872,983,809
3873,1000,828
3874,919,797
3875,933,748
3876,847,781
3877,840,769
3878,975,746
3879,961,828
3880,1069,843
3881,1052,847
3882,1141,910
3883,1087,946
3884,1168,959
3885,1072,950
3886,1140,965
3887,1168,1022
3888,1163,1011
3889,1067,1019
3890,1173,975
3891,1175,1012
3892,1158,1065
3893,1168,959
3894,1127,1005
3895,1025,878
3896,997,854
3897,917,780
3898,882,817
3899,834,785
3900,871,709
3901,944,785
3902,1076,961
3903,1075,860
3904,1088,878
3905,1138,1018
3906,1217,1013
3907,1191,1019
3908,1176,977
3909,1191,1058
3910,1080,1061
3911,1198,1065
3912,1263,1048
3913,1235,984
3914,1183,940
3915,1124,1010
3916,1111,948
3917,1081,887
3918,1014,897
3919,1009,908
3920,1010,847
3921,916,843
3922,842,751
3923,831,763
3924,906,754
3925,948,791
3926,1021,820
3927,1093,899
3928,1117,976
3929,1228,885
3930,1112,950
3931,1196,1066
3932,1138,1001
3933,1225,1057
3934,1258,1017
3935,1211,1000
3936,1195,1011
3937,1220,1017
3938,1168,1074
3939,1197,1012
3940,1219,1000
3941,1123,1000
3942,1180,974
3943,1029,904
3944,1018,810
3945,1035,789
3946,861,808
3947,870,741
3948,868,788
3949,927,766
3950,1036,886
3951,1040,956
3952,1114,857
3953,1109,956
3954,1182,1011
3955,1175,1015
3956,1254,984
3957,1209,1048
3958,1195,1026
3959,1163,1001
3960,1169,988
3961,1278,1013
3962,1168,1053
3963,1200,1048
3964,1235,1055
3965,1202,1043
3966,1139,979
3967,1069,974
3968,1052,896
3969,1051,856
3970,997,862
3971,909,861
3972,810,772
3973,892,752
3974,936,759
3975,1020,802
3976,1055,923
3977,1071,896
3978,1236,943
3979,1127,1036
3980,1210,1001
3981,1157,1008
3982,1136,1009
3983,1245,1004
3984,1204,1046
3985,1296,1074
3986,1219,1092
3987,1190,1071
3988,1285,1057
3989,1352,1064
3990,1210,1055
3991,1074,1077
3992,1180,898
3993,1108,948
3994,1095,951
3995,1024,815
3996,903,818
3997,921,747
3998,907,774
3999,972,859
4000,1006,908
4001,1057,922
4002,1122,951
4003,1105,996
4004,1172,995
4005,1162,958
4006,1265,958
4007,1249,1082
4008,1283,1098
4009,1355,1073
4010,1101,1048
4011,1206,1009
4012,1195,1030
4013,1242,1050
4014,1196,1044
4015,1267,1024
4016,1162,988
4017,1145,979
4018,1158,943
4019,999,955
4020,1123,873
4021,917,856
4022,914,783
4023,785,782
4024,926,822
4025,1023,909
4026,1023,887
4027,1159,879
4028,1189,960
4029,1151,952
4030,1179,945
4031,1205,971
4032,1181,1003
4033,1287,1097
4034,1237,1009
4035,1106,1085
4036,1230,1026
4037,1323,1032
4038,1109,945
4039,1186,1149
4040,1200,1083
4041,1111,946
4042,1172,995
4043,1142,953
4044,1118,1044
4045,1080,867
4046,904,817
4047,902,815
4048,778,706
4049,871,816
4050,954,791
4051,992,837
4052,1058,864
4053,1062,945
4054,1084,934
4055,1163,985
4056,1256,993
4057,1252,1021
4058,1130,1022
4059,1200,1089
4060,1184,1045
4061,1252,1096
4062,1206,1096
4063,1156,1066
4064,1286,1038
4065,1110,986
4066,1231,984
4067,1207,1025
4068,1133,956
4069,1007,933
4070,1062,970
4071,995,818
4072,927,795
4073,875,830
4074,850,790
4075,895,809
4076,1004,775
4077,1038,903
4078,1062,1018
4079,1128,954
4080,1161,987
4081,1115,1088
4082,1175,1022
4083,1290,1021
4084,1174,1054
4085,1113,1035
4086,1227,1079
4087,1217,1069
4088,1260,1014
4089,1174,1071
4090,1172,1039
4091,1171,1032
4092,1178,1022
4093,1131,947
4094,1135,893
4095,1077,904
4096,975,919
4097,896,774
4098,897,832
4099,904,768
4100,922,811
4101,1038,843
4102,1012,944
4103,1088,937
4104,1085,950
4105,1111,947
4106,1223,1066
4107,1241,1017
4108,1211,1070
4109,1234,1021
4110,1131,1084
4111,1118,1099
4112,1201,1064
4113,1187,1092
4114,1180,1072
4115,1212,1050
4116,1193,1060
4117,1156,1000
4118,1056,959
4119,1031,965
4120,1006,898
4121,1012,852
4122,889,799
4123,845,802
4124,879,758
4125,949,759
4126,949,845
4127,1012,906
4128,1098,898
4129,1054,894
4130,1093,929
4131,1105,1027
4132,1116,1062
4133,1221,1063
4134,1186,1052
4135,1284,1017
4136,1181,1061
4137,1188,1066
4138,1275,999
4139,1185,1015
4140,1178,1032
4141,1099,1036
4142,1066,1030
4143,1157,1096
4144,1103,934
4145,997,864
4146,963,861
4147,888,732
4148,828,817
4149,863,706
4150,893,805
4151,919,867
4152,997,961
4153,1025,960
4154,1072,946
4155,1024,972
4156,1117,997
4157,1132,1004
4158,1290,975
4159,1177,1083
4160,1253,1070
4161,1177,1101
4162,1165,1007
4163,1139,1047
4164,1152,1012
4165,1108,984
4166,1076,994
4167,1073,980
4168,994,910
4169,993,849
4170,902,802
4171,886,762
4172,860,714
4173,895,723
4174,890,749
4175,962,817
4176,1000,895
4177,960,885
4178,1182,977
4179,1070,966
4180,1114,1042
4181,1253,945
4182,1129,1003
4183,1178,972
4184,1186,935
4185,1093,1043
4186,1206,1045
4187,1145,959
4188,1082,996
4189,1085,904
4190,1060,981
4191,986,884
4192,958,827
4193,912,844
4194,801,748
4195,874,749
4196,908,768
4197,873,814
4198,1006,894
4199,975,864
4200,1072,852
4201,1053,917
4202,1075,1019
4203,1011,953
4204,1132,985
4205,1149,963
4206,1168,1045
4207,1169,1051
4208,1077,990
4209,1035,919
4210,1090,923
4211,939,929
4212,1041,894
4213,963,794
4214,922,802
4215,859,780
4216,790,702
4217,822,804
4218,825,801
4219,883,846
4220,987,832
4221,974,847
4222,1066,917
4223,1073,938
4224,1081,904
4225,1073,940
4226,1092,998
4227,1102,947
4228,1090,935
4229,1123,925
4230,1092,982
4231,1056,860
4232,1031,920
4233,1079,901
4234,975,867
4235,892,799
4236,837,765
4237,862,745
4238,842,678
4239,869,794
4240,838,807
4241,930,863
4242,965,820
4243,958,842
4244,1014,826
4245,1088,850
4246,951,857
4247,1085,896
4248,1004,975
4249,1086,910
4250,1097,855
4251,950,853
4252,982,885
4253,903,841
4254,873,825
4255,857,806
4256,785,663
4257,763,785
4258,792,696
4259,827,781
4260,856,824
4261,909,776
4262,955,824
4263,963,802
4264,966,821
4265,974,883
4266,933,891
4267,952,830
4268,1029,870
4269,926,859
4270,897,837
4271,909,796
4272,862,746
4273,827,814
4274,842,755
4275,874,674
4276,818,768
4277,837,804
4278,855,805
4279,896,825
4280,900,766
4281,830,816
4282,1014,771
4283,917,812
4284,964,836
4285,947,809
4286,865,776
4287,832,826
4288,850,744
4289,815,739
4290,793,739
4291,838,797
4292,845,789
4293,858,796
4294,806,722
4295,801,752
4296,823,825
4297,900,762
4298,892,729
4299,901,775
4300,797,689
4301,800,712
4302,898,805
4303,869,749
4304,916,791
4305,901,830
4306,926,831
4307,876,813
4308,857,753
4309,944,795
4310,947,745
4311,908,886
4312,984,774
4313,1026,825
4314,1025,855
4315,1035,880
4316,993,803
4317,1050,820
4318,918,823
4319,914,798
4320,916,869
4321,871,746
4322,918,807
4323,918,872
4324,1000,819
4325,965,823
4326,1019,850
4327,1053,890
4328,1075,903
4329,990,866
4330,1018,928
4331,1116,875
4332,1026,904
4333,1057,839
4334,1009,818
4335,931,795
4336,996,812
4337,936,772
4338,913,798
4339,903,818
4340,984,819
4341,1018,862
4342,1091,905
4343,1102,859
4344,1034,890
4345,1059,941
4346,1111,1000
4347,1111,946
4348,1063,909
4349,1149,892
4350,1079,954
4351,1086,875
4352,1078,912
4353,944,883
4354,1036,883
4355,996,835
4356,943,772
4357,846,747
4358,917,731
4359,877,881
4360,905,900
4361,1027,865
4362,1110,877
4363,979,843
4364,1082,955
4365,1122,879
4366,1179,990
4367,1198,1021
4368,1200,992
4369,1181,1002
4370,1132,1002
4371,1239,927
4372,1139,978
4373,1111,956
4374,1025,921
4375,1028,961
4376,1001,878
4377,984,838
4378,954,804
4379,864,759
4380,873,781
4381,922,806
4382,913,869
4383,1071,853
4384,1106,907
4385,1087,941
4386,1088,938
4387,1116,988
4388,1182,952
4389,1168,1000
4390,1154,1011
4391,1146,1066
4392,1190,992
4393,1192,975
4394,1188,1092
4395,1126,975
4396,1189,987
4397,1113,961
4398,1050,986
4399,1138,892
4400,1059,890
4401,1022,848
4402,923,833
4403,874,807
4404,947,837
4405,980,899
4406,1027,893
4407,1148,942
4408,1187,938
4409,1181,1018
4410,1108,1065
4411,1285,1026
4412,1187,1048
4413,1291,1050
4414,1212,1064
4415,1240,1019
4416,1199,1042
4417,1230,1096
4418,1176,1024
4419,1153,1023
4420,1175,942
4421,1093,969
4422,1059,950
4423,1070,930
4424,1034,879
4425,994,831
4426,872,789
4427,858,800
4428,949,796
4429,981,833
4430,997,884
4431,1042,898
4432,1049,989
4433,1109,982
4434,1222,1043
4435,1226,1082
4436,1286,1092
4437,1307,1058
4438,1254,1062
4439,1194,1075
4440,1269,1085
4441,1228,1034
4442,1173,1081
4443,1237,1074
4444,1210,1067
4445,1256,980
4446,1140,977
4447,1161,953
4448,1054,984
4449,1056,889
4450,1022,896
4451,874,871
4452,919,798
4453,1030,873
4454,1073,913
4455,1073,984
4456,1121,1015
4457,1191,1032
4458,1186,1124
4459,1218,1037
4460,1222,1112
4461,1285,1069
4462,1248,1094
4463,1312,1100
4464,1271,1069
4465,1332,1157
4466,1262,1024
4467,1242,1125
4468,1251,1103
4469,1315,1038
4470,1135,994
4471,1159,1070
4472,1047,1019
4473,1094,993
4474,1046,978
4475,1007,881
4476,961,822
4477,831,811
4478,890,764
4479,934,843
4480,1056,865
4481,1100,948
4482,1168,968
4483,1189,973
4484,1171,1067
4485,1182,1089
4486,1183,1030
4487,1220,1151
4488,1267,1119
4489,1238,1087
4490,1227,1103
4491,1260,1163
4492,1238,1114
4493,1312,1141
4494,1297,1105
4495,1308,1074
4496,1137,1037
4497,1255,1071
4498,1076,1042
4499,1231,1035
4500,1171,934
4501,1011,929
4502,993,895
4503,954,861
4504,924,859
4505,1060,869
4506,1059,996
4507,1152,1049
4508,1134,1066
4509,1193,1020
4510,1212,1035
4511,1185,1112
4512,1336,1082
4513,1277,1147
4514,1276,1169
4515,1270,1146
4516,1306,1202
4517,1410,1138
4518,1286,1056
4519,1277,1210
4520,1219,1122
4521,1247,1089
4522,1314,1016
4523,1261,1090
4524,1162,1073
4525,1241,969
4526,1165,978
4527,1091,931
4528,1067,878
4529,924,867
4530,858,766
4531,1000,827
4532,1045,896
4533,1057,1008
4534,1121,1021
4535,1085,1044
4536,1248,1054
4537,1176,1019
4538,1212,1086
4539,1302,1148
4540,1241,1183
4541,1291,1113
4542,1270,1104
4543,1324,1185
4544,1295,1275
4545,1258,1102
4546,1365,1132
4547,1230,1102
4548,1240,1154
4549,1282,1085
4550,1327,1113
4551,1143,1108
4552,1223,1070
4553,1142,989
4554,1117,965
4555,1041,1021
4556,948,820
4557,943,797
4558,1057,801
4559,1005,930
4560,1078,956
4561,1142,992
4562,1207,1082
4563,1156,1088
4564,1196,1159
4565,1168,1131
4566,1311,1136
4567,1294,1142
4568,1292,1148
4569,1361,1150
4570,1218,1101
4571,1250,1078
4572,1356,1163
4573,1360,1143
4574,1289,1174
4575,1209,1094
4576,1300,1100
4577,1195,1015
4578,1185,1079
4579,1119,986
4580,1208,1047
4581,1145,986
4582,1004,889
4583,975,844
4584,946,832
4585,909,778
4586,926,842
4587,1071,888
4588,1055,978
4589,1183,962
4590,1203,934
4591,1257,1072
4592,1198,1084
4593,1174,1127
4594,1342,1131
4595,1235,1229
4596,1237,1150
4597,1216,1209
4598,1413,1135
4599,1395,1144
4600,1228,1146
4601,1277,1190
4602,1311,1201
4603,1278,1163
4604,1155,1118
4605,1301,1100
4606,1209,1040
4607,1241,1011
4608,1109,1034
4609,1091,1066
4610,1007,909
4611,1040,812
4612,855,841
4613,891,820
4614,995,912
4615,1047,934
4616,1153,927
4617,1094,1020
4618,1174,1052
4619,1206,1104
4620,1208,1129
4621,1287,1085
4622,1262,1150
4623,1335,1220
4624,1297,1188
4625,1304,1184
4626,1287,1183
4627,1340,1159
4628,1333,1148
4629,1414,1243
4630,1247,1153
4631,1310,1176
4632,1223,1149
4633,1238,1076
4634,1173,1105
4635,1207,1017
4636,1136,955
4637,1118,958
4638,1037,928
4639,1013,954
4640,873,773
4641,932,771
4642,890,865
4643,987,911
4644,1094,962
4645,1118,1076
4646,1201,1056
4647,1202,1073
4648,1199,1023
4649,1253,1194
4650,1360,1132
4651,1331,1207
4652,1363,1227
4653,1380,1139
4654,1255,1158
4655,1325,1168
4656,1285,1219
4657,1338,1168
4658,1250,1078
4659,1305,1172
4660,1199,1173
4661,1251,1107
4662,1310,1131
4663,1128,1082
4664,1103,970
4665,1077,1027
4666,1020,959
4667,992,868
4668,855,807
4669,890,815
4670,1027,955
4671,1058,948
4672,1157,1010
4673,1206,1020
4674,1280,1070
4675,1273,1139
4676,1274,1089
4677,1202,1118
4678,1346,1154
4679,1284,1088
4680,1304,1132
4681,1292,1146
4682,1259,1182
4683,1293,1106
4684,1305,1208
4685,1246,1107
4686,1342,1082
4687,1308,1111
4688,1276,1056
4689,1204,1040
4690,1223,1056
4691,1064,1008
4692,1124,900
4693,1086,926
4694,929,894
4695,949,849
4696,1059,905
4697,1091,918
4698,1127,1037
4699,1075,1007
4700,1227,1071
4701,1232,1042
4702,1244,1132
4703,1258,1127
4704,1327,1104
4705,1368,1158
4706,1226,1123
4707,1243,1179
4708,1268,1162
4709,1277,1198
4710,1277,1094
4711,1269,1116
4712,1269,1057
4713,1138,1095
4714,1193,1001
4715,1243,1107
4716,1116,1043
4717,1102,1034
4718,1152,883
4719,1028,934
4720,910,884
4721,908,816
4722,956,910
4723,1011,983
4724,1064,929
4725,1158,1035
4726,1181,1007
4727,1207,1076
4728,1323,1069
4729,1200,1126
4730,1211,1166
4731,1287,1078
4732,1339,1134
4733,1304,1198
4734,1364,1113
4735,1323,1163
4736,1249,1137
4737,1243,1174
4738,1257,1165
4739,1237,1139
4740,1214,1148
4741,1110,1038
4742,1236,1082
4743,1055,997
4744,1023,908
4745,996,883
4746,865,834
4747,845,851
4748,997,882
4749,966,903
4750,1023,1011
4751,1126,952
4752,1171,1074
4753,1238,1154
4754,1190,1102
4755,1170,1094
4756,1210,1154
4757,1259,1055
4758,1234,1090
4759,1264,1188
4760,1343,1195
4761,1262,1185
4762,1268,1095
4763,1235,1137
4764,1314,1084
4765,1201,1018
4766,1222,1110
4767,1231,1084
4768,1091,1005
4769,1090,907
4770,1046,911
4771,977,784
4772,885,783
4773,831,768
4774,890,810
4775,1033,916
4776,1083,962
4777,1111,1029
4778,999,967
4779,1111,1068
4780,1087,1073
4781,1201,1080
4782,1149,1041
4783,1278,1063
4784,1258,1094
4785,1193,1106
4786,1239,1089
4787,1225,1107
4788,1209,1078
4789,1214,1099
4790,1170,1062
4791,1208,981
4792,1137,1069
4793,1096,961
4794,1086,991
4795,994,897
4796,982,862
4797,859,822
4798,894,810
4799,922,823
4800,1011,837
4801,1025,907
4802,1031,1015
4803,1058,983
4804,1247,959
4805,1136,1015
4806,1148,1031
4807,1161,983
4808,1264,1086
4809,1141,1059
4810,1256,1082
4811,1263,1115
4812,1185,1090
4813,1196,997
4814,1170,1039
4815,1172,1057
4816,1136,1023
4817,1002,993
4818,1144,970
4819,981,922
4820,938,839
4821,866,760
4822,771,781
4823,915,830
4824,937,868
4825,998,872
4826,1040,922
4827,1073,983
4828,1135,1014
4829,1124,927
4830,1060,1060
4831,1209,1025
4832,1173,1057
4833,1152,1032
4834,1212,1083
4835,1295,1063
4836,1188,1126
4837,1203,1007
4838,1160,1042
4839,1026,1003
4840,1115,994
4841,1136,904
4842,1050,871
4843,920,836
4844,912,796
4845,845,748
4846,887,805
4847,975,891
4848,1029,924
4849,1013,893
4850,1017,1004
4851,1180,1025
4852,1148,1011
4853,1145,1042
4854,1110,1040
4855,1166,924
4856,1175,1141
4857,1112,1063
4858,1114,1031
4859,1097,978
4860,1150,919
4861,1170,946
4862,985,899
4863,971,903
4864,995,897
4865,883,849
4866,927,774
4867,881,832
4868,927,763
4869,942,938
4870,1066,901
4871,1037,976
4872,1001,938
4873,1073,924
4874,1088,1019
4875,1026,1015
4876,1088,1040
4877,1098,1014
4878,1133,943
4879,1144,967
4880,1009,889
4881,1069,955
4882,1078,952
4883,1018,820
4884,951,895
4885,857,792
4886,828,729
4887,918,807
4888,976,848
4889,950,846
4890,926,893
4891,1050,942
4892,959,884
4893,1089,976
4894,1039,901
4895,1015,924
4896,994,919
4897,1078,862
4898,1026,933
4899,927,903
4900,904,879
4901,882,939
4902,887,798
4903,924,814
4904,934,817
4905,980,836
4906,873,867
4907,991,885
4908,996,871
4909,981,909
4910,935,908
4911,1002,894
4912,888,906
4913,885,853
4914,879,876
4915,860,769
4916,885,814
4917,940,800
4918,823,805
4919,749,691
4920,845,740
4921,750,744
4922,794,712
4923,788,753
4924,771,693
4925,853,729
4926,798,729
4927,782,727
4928,844,699
4929,782,770
4930,929,768
4931,925,741
4932,797,769
4933,841,711
4934,797,685
4935,698,719
4936,782,724
4937,848,737
4938,885,756
4939,893,726
4940,885,802
4941,873,812
4942,890,726
4943,877,814
4944,846,782
4945,836,700
4946,763,750
4947,805,672
4948,759,770
4949,759,677
4950,833,684
4951,839,649
4952,763,718
4953,822,759
4954,851,783
4955,916,818
4956,978,811
4957,966,804
4958,912,850
4959,916,784
4960,966,782
4961,840,852
4962,903,734
4963,824,727
4964,850,718
4965,834,708
4966,766,738
4967,810,696
4968,760,680
4969,847,731
4970,853,792
4971,866,757
4972,925,780
4973,977,832
4974,1009,873
4975,909,858
4976,986,890
4977,950,824
4978,966,849
4979,1011,846
4980,844,855
4981,895,798
4982,925,729
4983,834,775
4984,858,702
4985,767,690
4986,874,768
4987,846,725
4988,878,727
4989,939,778
4990,989,769
4991,973,849
4992,990,889
4993,974,911
4994,1070,856
4995,965,866
4996,1008,852
4997,1022,857
4998,930,821
4999,952,796
5000,876,821
5001,833,788
5002,823,777
5003,848,770
5004,714,733
5005,816,711
5006,846,715
5007,807,770
5008,947,790
5009,1011,819
5010,931,790
5011,937,850
5012,1000,881
5013,1032,889
5014,965,916
5015,1021,960
5016,1062,916
5017,921,872
5018,979,865
5019,953,878
5020,969,833
5021,929,726
5022,837,727
5023,812,695
5024,781,677
5025,875,684
5026,877,764
5027,852,762
5028,904,827
5029,925,849
5030,972,876
5031,1136,897
5032,1051,910
5033,1024,953
5034,1076,960
5035,1049,869
5036,1035,918
5037,993,970
5038,1101,903
5039,996,777
5040,945,833
5041,887,781
5042,855,802
5043,862,718
5044,808,798
5045,738,734
5046,781,714
5047,871,803
5048,903,755
5049,970,777
5050,904,829
5051,1010,844
5052,1023,915
5053,1059,911
5054,1142,998
5055,1143,937
5056,1073,887
5057,1019,925
5058,1040,927
5059,1103,904
5060,1025,849
5061,914,875
5062,910,793
5063,900,776
5064,847,721
5065,796,756
5066,782,675
5067,770,774
5068,951,773
5069,880,728
5070,961,802
5071,1022,775
5072,1022,873
5073,1065,982
5074,994,940
5075,1064,901
5076,1143,988
5077,1058,954
5078,1092,945
5079,977,934
5080,1085,948
5081,1007,838
5082,1046,897
5083,876,834
5084,932,755
5085,770,740
5086,791,734
5087,770,772
5088,743,749
5089,818,770
5090,858,789
5091,829,882
5092,935,822
5093,1044,879
5094,1060,917
5095,1117,907
5096,1075,1036
5097,1062,918
5098,1033,1006
5099,1154,966
5100,1033,944
5101,1081,947
5102,1099,828
5103,1019,949
5104,992,850
5105,944,814
5106,981,803
5107,877,762
5108,803,725
5109,826,714
5110,787,739
5111,809,722
5112,863,797
5113,925,790
5114,976,825
5115,967,934
5116,1077,996
5117,1026,973
5118,1136,938
5119,1015,921
5120,1089,889
5121,1086,980
5122,1168,982
5123,1106,913
5124,1074,888
5125,1041,859
5126,1018,893
5127,945,883
5128,914,800
5129,929,747
5130,772,739
5131,721,746
5132,713,654
5133,684,647
5134,695,635
5135,753,620
5136,696,670
5137,718,649
5138,787,709
5139,815,695
5140,788,856
5141,935,800
5142,888,876
5143,1038,857
5144,1065,945
5145,975,938
5146,1018,972
5147,1085,942
5148,1133,1019
5149,1020,959
5150,1102,881
5151,1058,922
5152,984,894
5153,1032,938
5154,924,897
5155,1005,809
5156,916,823
5157,891,749
5158,891,739
5159,773,704
5160,668,642
5161,734,680
5162,730,641
5163,709,662
5164,712,666
5165,714,688
5166,782,659
5167,729,621
5168,712,680
5169,702,646
5170,727,673
5171,685,711
5172,787,679
5173,837,703
5174,809,774
5175,893,814
5176,911,784
5177,949,864
5178,981,958
5179,1060,865
5180,994,892
5181,998,904
5182,1042,891
5183,1044,960
5184,1094,919
5185,992,883
5186,1056,973
5187,974,871
5188,997,822
5189,878,841
5190,845,797
5191,849,759
5192,755,735
5193,695,631
5194,742,647
5195,754,670
5196,717,736
5197,752,673
5198,779,644
5199,762,702
5200,723,718
5201,806,657
5202,828,707
5203,832,678
5204,709,633
5205,748,642
5206,738,683
5207,712,643
5208,676,654
5209,828,730
5210,788,748
5211,913,731
5212,905,804
5213,997,866
5214,971,834
5215,972,916
5216,1058,891
5217,1154,908
5218,991,923
5219,981,941
5220,1108,937
5221,1075,936
5222,972,914
5223,949,777
5224,958,855
5225,883,780
5226,773,789
5227,760,777
5228,820,674
5229,740,654
5230,725,650
5231,747,630
5232,773,696
5233,808,652
5234,819,733
5235,818,726
5236,840,673
5237,766,687
5238,760,696
5239,778,726
5240,838,675
5241,799,694
5242,798,715
5243,717,672
5244,724,652
5245,750,641
5246,728,650
5247,805,664
5248,831,721
5249,825,756
5250,856,765
5251,888,801
5252,974,784
5253,932,868
5254,995,936
5255,1009,865
5256,986,892
5257,1013,904
5258,967,897
5259,1054,887
5260,983,890
5261,997,821
5262,878,847
5263,881,742
5264,809,850
5265,734,696
5266,753,730
5267,677,621
5268,736,618
5269,697,632
5270,797,678
5271,807,715
5272,786,698
5273,851,701
5274,862,715
5275,871,748
5276,823,712
5277,864,782
5278,856,770
5279,878,685
5280,765,723
5281,784,738
5282,769,671
5283,821,698
5284,713,687
5285,739,691
5286,699,625
5287,797,720
5288,791,760
5289,859,759
5290,828,799
5291,882,780
5292,1031,851
5293,933,784
5294,995,921
5295,897,869
5296,1002,916
5297,1024,795
5298,888,842
5299,909,849
5300,940,789
5301,875,786
5302,810,770
5303,812,737
5304,779,705
5305,716,668
5306,704,701
5307,808,686
5308,784,723
5309,814,739
5310,879,699
5311,858,784
5312,882,773
5313,922,802
5314,879,770
5315,861,802
5316,864,836
5317,835,730
5318,811,778
5319,830,739
5320,765,699
5321,772,674
5322,777,679
5323,723,666
5324,670,625
5325,789,717
5326,820,723
5327,858,743
5328,822,738
5329,822,804
5330,921,795
5331,914,795
5332,970,830
5333,965,850
5334,912,777
5335,863,860
5336,802,793
5337,789,810
5338,857,793
5339,834,759
5340,839,682
5341,759,753
5342,759,738
5343,722,606
5344,812,656
5345,768,716
5346,786,633
5347,854,731
5348,856,743
5349,864,771
5350,853,755
5351,885,737
5352,906,807
5353,876,774
5354,920,764
5355,818,766
5356,958,793
5357,790,723
5358,826,743
5359,851,714
5360,869,706
5361,800,692
5362,743,717
5363,692,669
5364,656,683
5365,777,743
5366,757,740
5367,816,718
5368,836,774
5369,825,790
5370,863,825
5371,942,851
5372,896,860
5373,864,784
5374,865,796
5375,827,708
5376,779,814
5377,893,807
5378,776,778
5379,772,751
5380,720,672
5381,770,618
5382,763,685
5383,761,690
5384,853,728
5385,852,721
5386,829,807
5387,856,774
5388,936,778
5389,832,831
5390,894,792
5391,936,800
5392,874,809
5393,931,830
5394,910,794
5395,911,823
5396,884,760
5397,868,756
5398,874,786
5399,791,729
5400,814,645
5401,736,679
5402,744,677
5403,731,731
5404,772,685
5405,768,729
5406,741,723
5407,861,758
5408,833,790
5409,867,748
5410,835,768
5411,841,765
5412,845,812
5413,834,771
5414,776,740
5415,767,720
5416,726,710
5417,786,640
5418,797,667
5419,826,728
5420,806,731
5421,829,659
5422,866,764
5423,865,766
5424,926,766
5425,917,815
5426,923,817
5427,913,748
5428,984,814
5429,868,790
5430,864,855
5431,969,791
5432,881,785
5433,801,802
5434,879,716
5435,806,753
5436,814,720
5437,791,697
5438,723,713
5439,773,708
5440,781,703
5441,840,769
5442,793,694
5443,795,746
5444,787,738
5445,749,714
5446,750,675
5447,809,727
5448,724,706
5449,687,637
5450,740,648
5451,828,692
5452,839,724
5453,817,715
5454,906,745
5455,895,774
5456,838,806
5457,897,829
5458,956,794
5459,919,870
5460,977,779
5461,893,817
5462,961,796
5463,905,788
5464,886,817
5465,957,742
5466,878,765
5467,778,713
5468,825,757
5469,842,677
5470,732,717
5471,778,718
5472,842,710
5473,728,711
5474,701,695
5475,759,662
5476,830,738
5477,791,758
5478,812,750
5479,875,750
5480,904,799
5481,900,763
5482,927,808
5483,984,767
5484,951,786
5485,901,865
5486,906,792
5487,908,772
5488,917,814
5489,921,795
5490,858,806
5491,842,805
5492,877,816
5493,841,746
5494,808,766
5495,863,689
5496,778,749
5497,774,663
5498,818,703
5499,854,733
5500,828,703
5501,838,762
5502,879,785
5503,852,894
5504,909,793
5505,938,809
5506,924,899
5507,922,759
5508,961,813
5509,993,814
5510,934,853
5511,943,837
5512,893,855
5513,941,840
5514,900,866
5515,866,711
5516,844,730
5517,786,763
5518,785,679
5519,797,676
5520,747,685
5521,739,684
5522,778,647
5523,802,777
5524,887,771
5525,889,749
5526,860,771
5527,958,786
5528,907,796
5529,942,868
5530,945,829
5531,917,851
5532,977,829
5533,921,856
5534,948,812
5535,873,861
5536,874,827
5537,903,841
5538,920,787
5539,822,815
5540,855,715
5541,854,718
5542,763,693
5543,711,667
5544,729,658
5545,795,716
5546,825,721
5547,847,784
5548,928,781
5549,915,827
5550,928,799
5551,944,824
5552,928,805
5553,894,812
5554,975,836
5555,943,803
5556,919,901
5557,957,800
5558,943,784
5559,938,808
5560,909,845
5561,872,824
5562,833,720
5563,808,782
5564,764,710
5565,799,675
5566,706,696
5567,793,687
5568,788,682
5569,850,727
5570,863,783
5571,871,822
5572,916,792
5573,839,779
5574,956,830
5575,933,865
5576,966,865
5577,914,869
5578,911,849
5579,979,892
5580,941,811
5581,875,821
5582,930,824
5583,943,792
5584,928,758
5585,814,798
5586,863,691
5587,725,678
5588,737,718
5589,702,628
5590,739,718
5591,762,722
5592,844,695
5593,842,723
5594,811,782
5595,918,764
5596,899,768
5597,849,812
5598,877,797
5599,930,868
5600,935,786
5601,951,791
5602,884,823
5603,831,844
5604,925,825
5605,848,810
5606,916,855
5607,793,753
5608,807,734
5609,793,702
5610,777,703
5611,702,702
5612,728,677
5613,807,663
5614,812,697
5615,834,695
5616,868,740
5617,860,809
5618,919,825
5619,937,789
5620,915,839
5621,926,801
5622,946,756
5623,939,841
5624,893,872
5625,916,811
5626,892,800
5627,954,804
5628,882,748
5629,798,724
5630,766,753
5631,798,701
5632,784,660
5633,705,671
5634,701,712
5635,772,706
5636,730,661
5637,821,749
5638,826,741
5639,913,727
5640,920,767
5641,858,836
5642,932,737
5643,949,817
5644,905,792
5645,920,790
5646,840,760
5647,971,762
5648,843,758
5649,852,826
5650,844,795
5651,830,790
5652,816,709
5653,805,685
5654,700,675
5655,720,648
5656,712,656
5657,733,690
5658,752,686
5659,778,697
5660,862,682
5661,899,752
5662,896,733
5663,837,747
5664,928,842
5665,883,840
5666,925,708
5667,905,818
5668,865,759
5669,920,791
5670,833,778
5671,886,793
5672,827,796
5673,780,745
5674,747,716
5675,706,674
5676,695,655
5677,663,625
5678,756,617
5679,693,638
5680,737,683
5681,843,661
5682,768,720
5683,843,690
5684,855,742
5685,937,787
5686,859,749
5687,817,723
5688,850,809
5689,833,778
5690,909,747
5691,814,756
5692,799,741
5693,810,736
5694,860,751
5695,699,708
5696,727,645
5697,725,653
5698,717,679
5699,698,671
5700,720,687
5701,712,703
5702,717,737
5703,814,705
5704,787,773
5705,793,711
5706,812,758
5707,880,757
5708,822,794
5709,841,748
5710,862,725
5711,833,701
5712,784,743
5713,756,753
5714,742,690
5715,757,683
5716,738,718
5717,657,608
5718,735,630
5719,747,641
5720,729,699
5721,770,699
5722,712,694
5723,828,727
5724,776,726
5725,814,688
5726,867,751
5727,773,698
5728,752,691
5729,846,740
5730,753,732
5731,819,720
5732,773,666
5733,726,688
5734,643,671
5735,648,591
5736,738,671
5737,662,655
5738,648,716
5739,763,686
5740,669,649
5741,722,673
5742,755,701
5743,728,694
5744,795,738
5745,784,715
5746,776,704
5747,703,666
5748,744,686
5749,742,693
5750,759,689
5751,705,588
5752,691,658
5753,751,664
5754,721,708
5755,728,681
5756,746,689
5757,717,634
5758,718,688
5759,738,680
5760,675,676
5761,715,648
5762,671,690
5763,684,641
5764,686,728
5765,752,640
